item_id,order_id,product_id,quantity,unit_price,discount_percent
I00001,O00147,P0218,-4,1265.0,75
I00002,O00916,P0395,4,3577.26,36
I00003,O00758,P0371,2,6984.31,15
I00004,O00892,P0348,5,4040.85,61
I00005,O00464,P0240,5,2458.04,100
I00006,O00738,P0251,4,8840.03,16
I00007,O00472,P0183,2,8171.14,85
I00008,O00746,P0332,4,3473.71,79
I00009,O00239,P0355,5,5469.72,43
I00010,O00687,P0381,5,9175.21,94
I00011,O00887,P0436,3,1761.14,3
I00012,O00791,P0324,5,2582.39,71
I00013,O00088,P0281,1,5821.89,79
I00014,O00055,P0324,5,2916.83,66
I00015,O00515,P0434,2,7717.7,15
I00016,O00020,P0489,5,1870.89,26
I00017,O00860,P0318,2,6458.11,56
I00018,O00622,P0249,1,3951.89,75
I00019,O00957,P0197,1,2004.37,55
I00020,O00881,P0123,2,7397.05,48
I00021,O00102,P0290,3,182.22,36
I00022,O00787,P0159,2,2041.77,39
I00023,O00061,P0405,4,5489.39,41
I00024,O00060,P0354,-2,4072.49,12
I00025,O00915,P0457,3,202.52,48
I00026,O00246,P0139,1,6371.79,75
I00027,O00771,P0075,2,4526.88,14
I00028,O00476,P0375,3,2987.12,8
I00029,O00649,P0396,-4,3104.27,2
I00030,O00601,P0097,3,5342.72,31
I00031,O00129,P0413,5,5616.6,52
I00032,O00652,P0061,4,4897.93,100
I00033,O00173,P0099,2,875.52,68
I00034,O00569,P0337,4,218.14,0
I00035,O00636,P0396,4,3222.62,21
I00036,O00944,P0095,1,3193.21,76
I00037,O00390,P0366,3,7658.59,80
I00038,O00523,P0478,2,4860.46,20
I00039,O00308,P0218,5,1216.39,89
I00040,O00743,P0431,1,842.39,35
I00041,O00517,P0083,4,8687.04,40
I00042,O00771,P0373,3,2458.15,34
I00043,O00330,P0011,2,3572.95,58
I00044,O00936,P0343,5,4616.09,82
I00045,O00005,P0393,1,605.98,86
I00046,O00917,P0487,2,6516.93,62
I00047,O00807,P0267,4,4521.06,83
I00048,O00914,P0494,1,8521.67,85
I00049,O00362,P0313,4,3107.62,48
I00050,O00182,P0169,5,3524.94,89
I00051,O00380,P0070,1,9300.23,56
I00052,O00021,P0272,1,4348.65,87
I00053,O00836,P0191,3,1147.68,38
I00054,O00506,P0328,2,2333.62,4
I00055,O00721,P0490,3,3237.47,26
I00056,O00841,P0429,1,5531.16,14
I00057,O00506,P0015,3,6033.93,24
I00058,O00618,P0330,5,2760.95,8
I00059,O00067,P0146,5,5060.18,72
I00060,O00747,P0212,2,7795.71,24
I00061,O00710,P0170,1,832.31,78
I00062,O00905,P0335,3,6409.49,54
I00063,O00331,P0178,1,1871.12,52
I00064,O00531,P0190,3,7058.38,46
I00065,O00906,P0419,5,5483.62,6
I00066,O00546,P0287,3,3433.38,0
I00067,O00084,P0149,4,2392.43,3
I00068,O00434,P0190,2,9111.3,31
I00069,O00319,P0333,2,4620.9,80
I00070,O00443,P0032,-1,4254.67,75
I00071,O00254,P0422,3,2723.15,30
I00072,O00842,P0099,3,679.63,30
I00073,O00635,P0092,1,1834.78,12
I00074,O00088,P0213,4,1464.52,4
I00075,O00869,P0343,4,4619.76,100
I00076,O00822,P0432,2,5563.01,38
I00077,O00068,P0443,5,2030.23,7
I00078,O00871,P0344,5,703.17,12
I00079,O00239,P0301,5,4046.01,100
I00080,O00394,P0299,-5,1859.82,54
I00081,O00348,P0327,5,3230.81,86
I00082,O00337,P0346,1,6930.8,13
I00083,O00731,P0397,-1,2862.02,24
I00084,O00522,P0398,5,692.86,53
I00085,O00456,P0118,4,451.92,17
I00086,O00320,P0111,1,3226.06,65
I00087,O00907,P0343,3,4252.65,18
I00088,O00618,P0069,2,5240.17,47
I00089,O00674,P0474,1,7385.79,7
I00090,O00856,P0394,2,3542.51,6
I00091,O01000,P0193,4,3060.37,25
I00092,O00684,P0311,1,2539.48,88
I00093,O00340,P0330,4,3204.08,72
I00094,O00429,P0188,3,6886.97,13
I00095,O00933,P0034,4,2742.79,28
I00096,O00710,P0046,1,4241.17,79
I00097,O00753,P0216,2,3551.37,42
I00098,O00189,P0141,4,4136.06,0
I00099,O00367,P0222,-3,4985.31,14
I00100,O00200,P0059,2,1049.32,97
I00101,O00031,P0025,3,2175.83,36
I00102,O00269,P0176,2,3651.88,43
I00103,O00201,P0453,5,1485.27,33
I00104,O00694,P0159,-1,2115.88,83
I00105,O00216,P0003,1,6114.68,30
I00106,O00677,P0047,3,1622.33,67
I00107,O00900,P0228,5,3532.12,15
I00108,O00134,P0039,2,6792.15,24
I00109,O00384,P0279,5,6641.17,54
I00110,O00782,P0173,2,3015.32,24
I00111,O00153,P0008,5,3083.27,6
I00112,O00872,P0118,3,555.37,74
I00113,O00084,P0181,4,3428.26,84
I00114,O00521,P0265,5,4178.36,82
I00115,O00532,P0197,5,2714.08,41
I00116,O00495,P0097,3,5456.91,63
I00117,O00411,P0359,4,8001.14,74
I00118,O00917,P0028,1,6062.71,30
I00119,O00436,P0018,4,6699.72,73
I00120,O00384,P0489,2,1845.36,10
I00121,O00303,P0159,2,2594.1,45
I00122,O00477,P0407,2,190.15,43
I00123,O00443,P0018,4,5177.06,63
I00124,O00026,P0297,3,6176.52,29
I00125,O00368,P0231,3,3310.23,37
I00126,O00660,P0066,5,4301.13,35
I00127,O00074,P0369,2,2406.51,69
I00128,O00692,P0498,2,500.01,38
I00129,O00619,P0387,3,1562.55,96
I00130,O00009,P0228,5,3640.16,36
I00131,O00414,P0238,3,9441.34,74
I00132,O00525,P0364,1,1703.1,19
I00133,O00741,P0181,4,3367.56,60
I00134,O00805,P0095,2,3325.16,59
I00135,O00088,P0397,4,3406.86,24
I00136,O00715,P0281,4,6748.94,56
I00137,O00031,P0202,4,4470.79,73
I00138,O00756,P0039,2,4148.13,84
I00139,O00430,P0122,3,5224.46,96
I00140,O00708,P0452,4,7397.12,41
I00141,O00805,P0237,-5,4520.58,17
I00142,O00339,P0048,2,6713.15,77
I00143,O00401,P0426,5,5760.74,26
I00144,O00396,P0255,4,4735.72,13
I00145,O00463,P0047,3,2166.73,38
I00146,O00692,P0354,1,4755.27,4
I00147,O00192,P0385,5,4685.79,49
I00148,O00299,P0093,3,6327.34,8
I00149,O00531,P0037,4,2790.24,41
I00150,O00114,P0240,4,1564.99,53
I00151,O00399,P0240,4,2521.52,26
I00152,O00318,P0245,2,2646.51,90
I00153,O00589,P0099,4,944.16,75
I00154,O00702,P0380,2,7174.43,25
I00155,O00457,P0459,1,2288.57,51
I00156,O00539,P0072,5,4246.65,72
I00157,O00590,P0119,4,3217.11,11
I00158,O00941,P0246,3,1574.26,89
I00159,O00844,P0097,3,5722.55,22
I00160,O00922,P0071,4,7254.24,55
I00161,O00675,P0395,4,3292.18,72
I00162,O00969,P0429,1,3763.09,20
I00163,O00551,P0239,3,1274.82,8
I00164,O00422,P0236,2,3796.85,70
I00165,O00079,P0238,1,8612.11,64
I00166,O00169,P0081,3,1532.12,64
I00167,O00075,P0209,1,6793.74,86
I00168,O00764,P0245,4,2593.95,24
I00169,O00257,P0258,4,930.79,17
I00170,O00476,P0024,3,2900.23,8
I00171,O00249,P0396,1,4127.34,56
I00172,O00286,P0047,2,2402.54,21
I00173,O00182,P0118,1,486.65,68
I00174,O00688,P0188,4,8818.59,86
I00175,O00367,P0167,3,2398.42,91
I00176,O00546,P0409,1,5660.68,89
I00177,O00831,P0279,1,7524.79,84
I00178,O00316,P0212,1,6480.14,76
I00179,O00387,P0001,1,6256.12,31
I00180,O00205,P0059,3,743.65,53
I00181,O00346,P0344,1,895.69,87
I00182,O00904,P0159,1,2052.63,85
I00183,O00046,P0014,2,3338.1,13
I00184,O00642,P0401,3,1996.47,26
I00185,O00439,P0185,5,5548.95,27
I00186,O00178,P0028,1,5262.96,83
I00187,O00218,P0067,-3,2040.84,8
I00188,O00378,P0146,3,4747.15,27
I00189,O00614,P0298,4,3670.61,13
I00190,O00945,P0354,5,5552.38,21
I00191,O00615,P0371,3,6313.08,80
I00192,O00996,P0282,4,5417.77,17
I00193,O00780,P0071,3,8303.89,40
I00194,O00019,P0336,4,6967.17,74
I00195,O00656,P0072,4,5377.16,64
I00196,O00014,P0247,5,1573.64,78
I00197,O00756,P0471,1,5854.39,31
I00198,O00141,P0267,5,3439.34,37
I00199,O00210,P0299,2,2055.94,30
I00200,O00455,P0091,5,3901.75,42
I00201,O00660,P0351,2,7872.81,5
I00202,O00425,P0184,5,5975.15,36
I00203,O00751,P0277,1,6222.06,31
I00204,O00929,P0372,2,6659.89,31
I00205,O00391,P0059,2,987.12,23
I00206,O00067,P0456,4,1412.59,8
I00207,O00145,P0031,2,7727.89,16
I00208,O00563,P0428,1,2163.86,26
I00209,O00437,P0240,2,2255.03,39
I00210,O00251,P0214,2,2464.92,77
I00211,O00591,P0373,2,2127.66,81
I00212,O00801,P0189,2,2334.5,46
I00213,O00483,P0179,4,4311.3,64
I00214,O00779,P0261,5,483.59,61
I00215,O00438,P0193,1,4466.59,97
I00216,O00157,P0448,3,6126.73,22
I00217,O00314,P0085,3,3284.46,48
I00218,O00074,P0137,5,5636.28,91
I00219,O00939,P0307,4,4314.42,1
I00220,O00384,P0149,5,1950.16,53
I00221,O00383,P0485,4,1116.52,39
I00222,O00907,P0082,5,2171.44,15
I00223,O00167,P0063,4,747.0,55
I00224,O00770,P0414,3,5938.42,65
I00225,O00378,P0023,4,5641.61,83
I00226,O00754,P0235,4,3580.9,61
I00227,O00371,P0176,1,3486.54,86
I00228,O00661,P0499,1,5888.02,77
I00229,O00151,P0334,4,3312.51,77
I00230,O00862,P0034,5,3001.43,14
I00231,O00939,P0006,1,856.69,90
I00232,O00083,P0221,5,2865.76,24
I00233,O00438,P0266,4,6567.01,38
I00234,O00675,P0068,5,7925.38,75
I00235,O00771,P0113,3,4828.99,93
I00236,O00587,P0152,1,2312.64,44
I00237,O00215,P0203,2,5810.77,50
I00238,O00173,P0012,-3,2466.8,0
I00239,O00714,P0485,1,1140.02,53
I00240,O00175,P0075,3,3666.88,23
I00241,O00187,P0234,2,2431.37,14
I00242,O00218,P0016,4,1363.57,7
I00243,O00197,P0235,2,3611.52,52
I00244,O00640,P0375,4,2240.19,81
I00245,O00088,P0499,2,6875.77,35
I00246,O00600,P0109,1,3098.0,62
I00247,O00273,P0287,-1,4055.79,0
I00248,O00043,P0387,5,928.33,66
I00249,O00533,P0163,1,625.59,97
I00250,O00485,P0183,3,8151.51,77
I00251,O00699,P0372,4,6574.23,40
I00252,O00682,P0362,2,4333.27,78
I00253,O00895,P0220,1,6611.19,12
I00254,O00716,P0293,1,3074.46,17
I00255,O00890,P0181,1,2994.3,89
I00256,O00634,P0001,2,6001.61,60
I00257,O00193,P0090,5,1674.39,81
I00258,O00369,P0044,-3,6148.0,94
I00259,O00240,P0285,3,1491.73,51
I00260,O00357,P0063,5,870.24,60
I00261,O00301,P0082,1,3150.1,91
I00262,O00898,P0144,2,384.49,91
I00263,O00510,P0227,5,8988.55,38
I00264,O00479,P0322,5,3061.44,57
I00265,O00554,P0457,1,191.61,27
I00266,O00676,P0048,2,7207.03,13
I00267,O00030,P0128,4,1927.76,41
I00268,O00226,P0471,4,6885.3,85
I00269,O00687,P0360,4,1742.69,17
I00270,O00504,P0335,5,5019.55,88
I00271,O00955,P0034,3,3900.67,76
I00272,O00387,P0289,1,7780.02,95
I00273,O00804,P0343,4,4302.71,55
I00274,O00119,P0281,2,6227.46,14
I00275,O00607,P0310,1,640.83,95
I00276,O00131,P0144,1,444.81,48
I00277,O00319,P0011,5,2933.82,68
I00278,O00434,P0239,2,1298.19,46
I00279,O00617,P0001,2,5701.56,13
I00280,O00873,P0045,-4,7336.76,18
I00281,O00512,P0176,3,3578.78,18
I00282,O00765,P0108,5,5092.98,89
I00283,O00317,P0467,1,2039.75,88
I00284,O00869,P0309,1,692.07,61
I00285,O00722,P0131,2,1763.03,7
I00286,O00734,P0246,3,1343.83,93
I00287,O00054,P0092,2,2370.19,99
I00288,O00745,P0326,2,3462.22,84
I00289,O00562,P0245,2,2582.66,54
I00290,O00776,P0219,4,3467.03,9
I00291,O00290,P0270,5,1807.01,24
I00292,O00135,P0133,5,5267.62,74
I00293,O00727,P0070,1,6576.37,83
I00294,O00453,P0036,2,1159.61,37
I00295,O00824,P0109,2,4190.07,94
I00296,O00877,P0087,1,2407.61,86
I00297,O00438,P0492,2,1138.37,21
I00298,O00998,P0435,1,4182.53,6
I00299,O00666,P0075,1,4091.83,55
I00300,O00414,P0472,2,1691.96,15
I00301,O00310,P0329,2,8046.34,22
I00302,O00815,P0322,4,4168.37,11
I00303,O00666,P0038,4,1104.22,80
I00304,O00123,P0283,4,4275.76,15
I00305,O00931,P0144,4,371.18,2
I00306,O00587,P0222,5,6774.74,88
I00307,O00186,P0103,1,1957.64,82
I00308,O00129,P0314,4,3396.84,8
I00309,O00833,P0317,5,6317.75,50
I00310,O00803,P0474,5,7906.14,62
I00311,O00599,P0480,1,772.27,83
I00312,O00213,P0342,1,1126.21,15
I00313,O00712,P0327,2,2418.45,71
I00314,O00126,P0356,4,4316.7,73
I00315,O00090,P0397,2,3960.33,96
I00316,O00128,P0107,1,676.03,46
I00317,O00968,P0142,5,7885.15,31
I00318,O00969,P0427,3,2974.52,100
I00319,O00456,P0395,3,3190.09,62
I00320,O00361,P0015,3,7921.6,65
I00321,O00679,P0416,2,3950.08,30
I00322,O00307,P0159,1,3234.69,27
I00323,O00222,P0498,2,584.62,35
I00324,O00433,P0290,2,133.94,32
I00325,O00926,P0253,3,4132.84,58
I00326,O00693,P0201,1,4762.46,88
I00327,O00073,P0437,2,6582.93,34
I00328,O00578,P0212,2,7309.82,65
I00329,O00842,P0464,5,2807.71,100
I00330,O00988,P0136,4,6429.71,9
I00331,O00113,P0307,3,5825.1,52
I00332,O00092,P0118,1,508.69,42
I00333,O00818,P0095,3,2712.81,1
I00334,O00993,P0227,1,6430.52,13
I00335,O00746,P0394,1,4170.94,75
I00336,O00358,P0465,4,1360.21,36
I00337,O00102,P0166,5,7486.77,21
I00338,O00399,P0320,3,5737.86,94
I00339,O00904,P0142,5,8688.06,61
I00340,O00010,P0123,5,8068.05,91
I00341,O00147,P0354,2,4288.87,94
I00342,O00743,P0102,3,8033.43,47
I00343,O00429,P0099,2,842.65,23
I00344,O00818,P0139,4,5456.96,36
I00345,O00534,P0167,3,3706.67,29
I00346,O00090,P0043,3,1145.93,52
I00347,O00650,P0499,3,5594.03,93
I00348,O00170,P0074,2,2937.19,10
I00349,O00505,P0093,3,6827.59,1
I00350,O00955,P0078,4,6227.98,61
I00351,O00694,P0390,4,4904.68,89
I00352,O00632,P0097,1,3977.24,95
I00353,O00720,P0064,1,6114.77,44
I00354,O00678,P0237,2,7831.14,67
I00355,O00460,P0452,5,9192.12,86
I00356,O00180,P0165,5,326.28,17
I00357,O00053,P0104,5,5655.1,48
I00358,O00116,P0298,2,3326.07,86
I00359,O00872,P0091,2,3955.77,15
I00360,O00301,P0254,3,3665.58,0
I00361,O00946,P0461,5,5209.39,82
I00362,O00037,P0094,5,935.07,79
I00363,O00007,P0411,4,5345.04,42
I00364,O00006,P0362,3,4202.92,92
I00365,O00010,P0098,2,737.03,62
I00366,O00527,P0256,2,8656.53,52
I00367,O00008,P0139,1,4446.71,84
I00368,O00405,P0328,3,1701.61,46
I00369,O00550,P0142,4,8528.35,13
I00370,O00450,P0093,4,4653.75,45
I00371,O00905,P0402,-4,6168.43,25
I00372,O00042,P0031,1,4849.94,53
I00373,O00165,P0208,3,4713.51,61
I00374,O00501,P0482,3,5864.91,87
I00375,O00783,P0129,2,7555.42,51
I00376,O00760,P0252,5,8886.79,49
I00377,O00111,P0334,2,4520.46,16
I00378,O00014,P0087,2,2664.32,30
I00379,O00351,P0340,1,5409.71,76
I00380,O00297,P0207,1,2899.3,10
I00381,O00157,P0362,4,5217.67,23
I00382,O00118,P0015,2,9039.38,89
I00383,O00440,P0398,2,665.74,90
I00384,O00515,P0013,1,3926.55,24
I00385,O00153,P0030,5,1574.93,16
I00386,O00197,P0328,4,2292.91,54
I00387,O00094,P0454,1,5944.47,48
I00388,O00717,P0256,4,7574.02,29
I00389,O00491,P0307,2,3922.43,54
I00390,O00276,P0082,1,2730.64,44
I00391,O00917,P0324,4,1699.33,5
I00392,O00763,P0180,1,2671.78,36
I00393,O00622,P0242,4,2513.36,23
I00394,O00373,P0180,3,2693.66,14
I00395,O00700,P0425,1,4584.92,16
I00396,O00830,P0465,3,1120.33,99
I00397,O00381,P0150,5,4246.73,35
I00398,O00090,P0364,2,1624.49,16
I00399,O00601,P0001,5,6888.9,83
I00400,O00457,P0267,2,4626.13,9
I00401,O00309,P0232,5,5382.34,97
I00402,O00158,P0237,2,4562.39,24
I00403,O00259,P0033,4,6142.73,97
I00404,O00917,P0415,5,962.06,80
I00405,O00070,P0260,1,5837.32,67
I00406,O00171,P0106,5,3769.66,89
I00407,O00979,P0117,2,2392.09,88
I00408,O00408,P0202,2,4807.66,68
I00409,O00170,P0383,5,6126.5,65
I00410,O00400,P0446,4,2457.06,34
I00411,O00164,P0229,2,6134.81,75
I00412,O00810,P0144,1,371.83,64
I00413,O00873,P0461,5,4921.18,90
I00414,O00176,P0385,3,4767.98,68
I00415,O00655,P0419,2,3866.61,35
I00416,O00810,P0340,2,4171.34,31
I00417,O00002,P0461,2,6382.32,80
I00418,O00333,P0073,5,1342.25,90
I00419,O00137,P0464,5,3327.84,78
I00420,O00059,P0406,3,7363.99,1
I00421,O00989,P0289,3,5479.73,32
I00422,O00889,P0068,1,7517.76,99
I00423,O00764,P0035,5,704.5,83
I00424,O00650,P0217,3,7432.63,26
I00425,O00276,P0323,4,2622.89,80
I00426,O00238,P0091,4,3882.96,55
I00427,O00491,P0485,3,914.7,23
I00428,O00884,P0458,4,2730.11,72
I00429,O00185,P0147,4,211.58,2
I00430,O00182,P0048,3,7647.93,87
I00431,O00147,P0415,5,784.0,31
I00432,O00994,P0279,4,7005.76,92
I00433,O00769,P0346,5,7773.89,77
I00434,O00022,P0477,1,475.18,1
I00435,O00789,P0130,1,4530.43,18
I00436,O00990,P0251,-5,5295.74,13
I00437,O00347,P0055,5,768.32,10
I00438,O00778,P0227,2,7946.94,56
I00439,O00491,P0006,2,734.13,7
I00440,O00643,P0269,5,2784.13,2
I00441,O00304,P0064,1,4611.76,53
I00442,O00230,P0280,-2,5546.66,54
I00443,O00672,P0235,4,3678.54,87
I00444,O00733,P0466,4,3354.36,14
I00445,O00113,P0014,4,2948.51,36
I00446,O00342,P0080,3,532.04,10
I00447,O00183,P0014,1,3364.49,42
I00448,O00436,P0400,5,3005.48,85
I00449,O00294,P0206,3,5481.75,13
I00450,O00678,P0169,3,2721.18,33
I00451,O00883,P0166,1,7615.83,19
I00452,O00400,P0272,2,3664.24,100
I00453,O00116,P0200,4,1951.85,93
I00454,O00331,P0482,3,7336.3,23
I00455,O00507,P0171,4,892.91,88
I00456,O00652,P0490,4,2610.68,83
I00457,O00563,P0304,2,3204.8,68
I00458,O00842,P0303,4,4635.12,10
I00459,O00540,P0318,5,5509.91,88
I00460,O00241,P0044,2,4646.76,26
I00461,O00486,P0441,1,922.13,14
I00462,O00370,P0325,1,3003.21,99
I00463,O00148,P0134,2,2993.11,70
I00464,O00848,P0386,4,5434.15,95
I00465,O00713,P0114,2,7810.97,48
I00466,O00435,P0119,1,4065.45,89
I00467,O00076,P0029,1,3662.02,76
I00468,O00375,P0437,2,4847.11,31
I00469,O00852,P0486,-1,3296.12,19
I00470,O00144,P0101,2,4787.83,89
I00471,O00740,P0244,3,2298.25,100
I00472,O00160,P0145,1,4590.35,82
I00473,O00178,P0075,1,4523.93,1
I00474,O00697,P0478,4,7016.44,58
I00475,O00265,P0113,5,4927.36,64
I00476,O00434,P0094,3,933.35,34
I00477,O00974,P0086,1,4607.01,27
I00478,O00225,P0126,4,1428.78,95
I00479,O00080,P0171,5,1105.95,59
I00480,O00658,P0484,4,541.37,48
I00481,O00381,P0111,2,3336.99,24
I00482,O00080,P0099,3,692.35,99
I00483,O00289,P0110,-3,1878.05,13
I00484,O00012,P0049,1,7767.28,39
I00485,O00654,P0477,2,767.35,30
I00486,O00584,P0010,3,4964.09,72
I00487,O00323,P0033,4,3822.65,39
I00488,O00770,P0143,1,2616.8,50
I00489,O00770,P0398,5,755.82,45
I00490,O00100,P0460,2,6175.58,94
I00491,O00827,P0275,5,6281.68,3
I00492,O00489,P0243,5,4299.71,4
I00493,O00699,P0145,3,6033.46,80
I00494,O00238,P0436,1,2673.27,87
I00495,O00165,P0047,2,2579.32,64
I00496,O00624,P0419,5,5286.6,98
I00497,O00135,P0041,3,4379.33,46
I00498,O00442,P0401,5,1785.0,91
I00499,O00626,P0364,4,1408.61,19
I00500,O00510,P0265,5,3424.05,1
I00501,O00317,P0432,2,5914.73,100
I00502,O00466,P0172,1,4220.1,37
I00503,O00591,P0224,2,5229.64,11
I00504,O00791,P0090,1,2299.7,60
I00505,O00453,P0183,3,7712.37,17
I00506,O00500,P0088,1,366.3,36
I00507,O00635,P0432,4,7151.61,16
I00508,O00866,P0152,4,2136.72,40
I00509,O00424,P0196,3,5050.93,33
I00510,O00660,P0054,1,410.76,31
I00511,O00874,P0050,-5,3608.57,48
I00512,O00875,P0349,2,3800.18,49
I00513,O00358,P0256,4,6890.59,82
I00514,O00477,P0059,5,753.68,23
I00515,O00945,P0411,1,4709.29,55
I00516,O00067,P0197,2,2477.54,77
I00517,O00760,P0010,4,4718.03,35
I00518,O00160,P0421,4,4933.73,18
I00519,O00033,P0390,2,5136.47,99
I00520,O00828,P0269,4,2496.99,55
I00521,O00217,P0445,4,3854.26,97
I00522,O00651,P0162,4,4912.32,18
I00523,O00084,P0179,1,3940.6,91
I00524,O00538,P0087,4,1923.41,33
I00525,O00095,P0173,2,3472.85,54
I00526,O00305,P0189,3,1900.55,44
I00527,O00549,P0032,4,4004.81,20
I00528,O00710,P0484,4,596.33,1
I00529,O00612,P0136,5,5003.33,92
I00530,O00332,P0467,5,2230.98,93
I00531,O00919,P0013,-3,3600.05,18
I00532,O00117,P0418,4,2746.94,86
I00533,O00740,P0137,4,4442.11,57
I00534,O00655,P0214,2,3281.61,12
I00535,O00193,P0312,1,2874.5,69
I00536,O00222,P0395,2,3677.78,24
I00537,O00380,P0248,5,6380.75,2
I00538,O00515,P0332,3,4582.28,15
I00539,O00467,P0416,4,3165.27,45
I00540,O00437,P0348,3,5567.01,97
I00541,O00181,P0287,3,3453.85,47
I00542,O00167,P0370,2,3177.32,48
I00543,O00706,P0200,3,2062.92,81
I00544,O00961,P0160,3,7897.06,12
I00545,O00107,P0390,1,3048.97,2
I00546,O00107,P0135,5,7333.12,96
I00547,O00103,P0265,5,4815.12,64
I00548,O00684,P0094,5,655.32,53
I00549,O00466,P0186,2,6830.88,14
I00550,O00974,P0263,2,5095.55,59
I00551,O00661,P0023,4,5663.31,94
I00552,O00384,P0190,-4,8377.47,64
I00553,O00675,P0362,3,3975.06,53
I00554,O00931,P0275,-2,5147.85,1
I00555,O00384,P0395,1,4831.69,66
I00556,O00175,P0485,5,1516.29,55
I00557,O00401,P0294,2,5688.93,82
I00558,O00821,P0272,4,4729.63,54
I00559,O00400,P0196,2,6428.74,22
I00560,O00530,P0343,4,3329.71,29
I00561,O00130,P0449,1,6525.84,80
I00562,O00864,P0028,5,8441.35,33
I00563,O00331,P0004,5,558.61,11
I00564,O00644,P0176,1,3748.2,19
I00565,O00557,P0253,1,6391.67,10
I00566,O00761,P0015,5,8476.16,58
I00567,O00669,P0474,3,8239.24,38
I00568,O00252,P0078,2,6213.68,100
I00569,O00676,P0141,4,2572.48,10
I00570,O00654,P0416,2,4269.33,13
I00571,O00611,P0247,1,1454.74,18
I00572,O00185,P0254,3,3241.64,63
I00573,O00213,P0390,3,3748.92,62
I00574,O00499,P0421,1,4958.01,9
I00575,O00385,P0063,2,1113.78,81
I00576,O00185,P0364,4,1171.32,22
I00577,O00876,P0248,5,3928.96,43
I00578,O00629,P0083,3,7262.51,0
I00579,O00261,P0107,2,840.48,24
I00580,O00024,P0222,-5,6928.0,97
I00581,O00374,P0435,2,3297.03,27
I00582,O00226,P0392,1,3903.97,88
I00583,O00494,P0269,2,2241.17,11
I00584,O00668,P0354,3,4062.56,95
I00585,O00970,P0366,4,5592.48,24
I00586,O00704,P0486,3,3348.46,91
I00587,O00106,P0159,3,2810.67,98
I00588,O00814,P0232,5,3946.59,92
I00589,O00457,P0026,4,5857.18,95
I00590,O00638,P0362,3,3555.45,49
I00591,O00362,P0067,4,1937.87,80
I00592,O00911,P0247,1,1358.55,65
I00593,O00301,P0495,3,7524.47,82
I00594,O00031,P0443,5,2049.89,41
I00595,O00367,P0452,4,6168.55,27
I00596,O00799,P0175,3,5501.94,1
I00597,O00735,P0481,3,2812.32,59
I00598,O00921,P0161,5,3201.18,8
I00599,O00218,P0123,4,7394.35,13
I00600,O00623,P0478,5,7010.07,85
I00601,O00662,P0135,1,7014.58,96
I00602,O00328,P0251,4,6107.35,6
I00603,O00282,P0290,4,169.77,15
I00604,O00335,P0214,4,2715.2,30
I00605,O00019,P0381,-5,8105.01,73
I00606,O00292,P0092,1,1495.09,51
I00607,O00941,P0322,1,3852.99,43
I00608,O00098,P0286,1,6672.54,53
I00609,O00772,P0098,3,873.18,10
I00610,O00506,P0322,5,4039.73,50
I00611,O00466,P0319,3,5917.1,82
I00612,O00961,P0047,1,2142.25,3
I00613,O00011,P0246,2,1276.42,41
I00614,O00091,P0384,4,3641.7,47
I00615,O00957,P0287,5,3925.21,6
I00616,O00045,P0251,3,5731.77,38
I00617,O00705,P0329,1,7729.43,48
I00618,O00948,P0279,3,5864.21,58
I00619,O00883,P0199,1,1961.05,74
I00620,O00685,P0453,4,1605.74,67
I00621,O00678,P0435,2,4222.55,35
I00622,O00495,P0316,3,635.27,33
I00623,O00362,P0182,3,1051.19,31
I00624,O00077,P0030,2,2380.39,7
I00625,O00222,P0029,-2,3643.32,49
I00626,O00349,P0025,2,2190.44,75
I00627,O00321,P0281,5,8159.7,39
I00628,O00869,P0130,4,5990.76,16
I00629,O00395,P0152,2,2542.15,79
I00630,O00410,P0443,5,2162.29,35
I00631,O00315,P0046,4,6347.07,73
I00632,O00898,P0218,1,1232.58,14
I00633,O00472,P0455,-2,4500.18,3
I00634,O00464,P0367,4,3133.59,15
I00635,O00442,P0398,5,672.14,50
I00636,O00342,P0199,5,1825.31,34
I00637,O00665,P0085,3,3145.14,54
I00638,O00413,P0125,2,4261.94,35
I00639,O00532,P0198,5,6799.06,87
I00640,O00982,P0157,1,215.5,14
I00641,O00590,P0290,1,153.75,8
I00642,O00232,P0257,5,4025.81,89
I00643,O00104,P0432,4,4820.79,88
I00644,O00176,P0410,3,4232.36,44
I00645,O00295,P0145,3,7002.84,12
I00646,O00718,P0074,2,3013.66,94
I00647,O00705,P0335,3,5586.17,40
I00648,O00341,P0065,1,2329.33,18
I00649,O00439,P0191,1,973.0,22
I00650,O00175,P0181,3,3248.1,1
I00651,O00486,P0080,5,716.51,62
I00652,O00047,P0422,2,4179.01,72
I00653,O00538,P0476,3,669.13,96
I00654,O00103,P0061,2,4341.13,94
I00655,O00753,P0247,3,1701.46,69
I00656,O00260,P0202,3,4441.65,1
I00657,O00342,P0091,3,4204.34,99
I00658,O00277,P0341,5,6043.72,93
I00659,O00421,P0180,1,3597.0,84
I00660,O00032,P0177,2,4061.57,94
I00661,O00763,P0026,4,4666.98,48
I00662,O00899,P0273,1,2086.99,69
I00663,O00898,P0249,4,4480.83,33
I00664,O00401,P0143,3,3150.28,35
I00665,O00594,P0477,3,621.43,43
I00666,O00815,P0126,5,1484.3,44
I00667,O00009,P0312,3,3012.33,87
I00668,O00154,P0301,2,3384.09,37
I00669,O00167,P0417,5,1387.27,36
I00670,O00016,P0121,1,5055.95,27
I00671,O00127,P0449,3,4820.89,39
I00672,O00677,P0199,1,2943.0,6
I00673,O00900,P0341,3,4768.72,64
I00674,O00089,P0255,5,6497.85,18
I00675,O00941,P0133,2,4440.48,28
I00676,O00364,P0013,1,3150.43,86
I00677,O00991,P0004,4,832.98,33
I00678,O00178,P0333,3,6422.64,86
I00679,O00143,P0186,3,7338.18,25
I00680,O00568,P0114,3,5765.39,39
I00681,O00950,P0296,1,8269.06,69
I00682,O00897,P0290,2,212.4,12
I00683,O00711,P0492,2,919.17,87
I00684,O00438,P0210,3,5280.44,52
I00685,O00573,P0155,-4,485.06,98
I00686,O00144,P0168,4,3298.38,38
I00687,O00383,P0062,2,3278.95,69
I00688,O00055,P0101,5,4805.39,50
I00689,O00007,P0023,2,4954.6,97
I00690,O00056,P0151,5,5334.29,34
I00691,O00100,P0391,1,8914.12,72
I00692,O00886,P0105,4,3668.67,94
I00693,O00758,P0072,5,5309.09,89
I00694,O00576,P0393,2,560.03,63
I00695,O00692,P0374,2,2433.47,19
I00696,O00737,P0393,3,631.01,0
I00697,O00206,P0327,4,2305.95,0
I00698,O00124,P0130,2,6043.88,31
I00699,O00026,P0381,2,8926.24,56
I00700,O00125,P0147,4,172.24,61
I00701,O00862,P0258,2,1441.16,33
I00702,O00880,P0324,5,2516.5,15
I00703,O00023,P0055,4,521.0,95
I00704,O00760,P0239,2,1618.12,25
I00705,O00297,P0106,4,3911.19,75
I00706,O00282,P0172,4,4432.95,89
I00707,O00834,P0127,1,3680.27,3
I00708,O00578,P0300,3,1484.65,74
I00709,O00667,P0219,3,4545.35,79
I00710,O00929,P0061,4,4483.65,17
I00711,O00470,P0395,4,3511.07,20
I00712,O00882,P0219,3,3707.34,44
I00713,O00065,P0125,5,4255.39,19
I00714,O00577,P0050,3,4244.63,91
I00715,O00781,P0492,2,1125.8,50
I00716,O00661,P0099,1,745.22,60
I00717,O00590,P0144,5,413.77,64
I00718,O00715,P0002,5,5999.18,74
I00719,O00850,P0368,3,2684.13,5
I00720,O00163,P0112,1,3796.21,85
I00721,O00696,P0182,1,1002.72,97
I00722,O00828,P0395,2,5010.86,30
I00723,O00179,P0417,1,1773.23,49
I00724,O00064,P0498,4,591.1,14
I00725,O00075,P0030,1,1805.1,47
I00726,O00031,P0007,5,628.33,41
I00727,O00387,P0373,1,1726.38,81
I00728,O00201,P0197,5,2373.27,56
I00729,O00760,P0365,3,775.06,67
I00730,O00025,P0066,2,6123.47,85
I00731,O00830,P0256,1,5562.7,0
I00732,O00582,P0112,3,4618.36,9
I00733,O00748,P0203,3,5885.63,93
I00734,O00853,P0021,5,2350.04,60
I00735,O00634,P0365,5,1188.07,17
I00736,O00641,P0107,1,625.17,9
I00737,O00802,P0118,5,558.25,12
I00738,O00053,P0113,1,4196.42,42
I00739,O00964,P0459,1,2690.57,32
I00740,O00070,P0284,4,7844.29,20
I00741,O00590,P0007,3,428.58,66
I00742,O00409,P0106,5,3810.0,69
I00743,O00960,P0197,1,3443.3,33
I00744,O00432,P0062,1,3603.58,42
I00745,O00561,P0468,1,5578.74,42
I00746,O00075,P0041,1,5688.28,72
I00747,O00784,P0393,5,579.17,44
I00748,O00613,P0012,1,2373.51,10
I00749,O00133,P0355,5,3846.86,5
I00750,O00520,P0433,1,1189.79,44
I00751,O00801,P0440,4,5462.87,29
I00752,O00027,P0128,1,2783.08,25
I00753,O00389,P0179,5,4934.73,94
I00754,O00054,P0080,1,638.71,48
I00755,O00438,P0156,2,499.62,14
I00756,O00631,P0342,4,1134.89,47
I00757,O00448,P0045,3,9331.22,30
I00758,O00011,P0191,2,906.15,95
I00759,O00822,P0011,5,2826.47,92
I00760,O00079,P0220,2,5446.07,56
I00761,O00322,P0313,2,2226.19,83
I00762,O00133,P0322,2,4026.09,61
I00763,O00079,P0064,1,5125.69,69
I00764,O00753,P0045,2,8874.99,28
I00765,O00965,P0010,4,4414.45,70
I00766,O00251,P0236,3,2998.7,34
I00767,O00516,P0003,3,5311.18,44
I00768,O00637,P0122,4,5416.23,10
I00769,O00862,P0115,2,1870.6,29
I00770,O00216,P0441,3,568.96,92
I00771,O00241,P0211,2,4106.54,83
I00772,O00022,P0493,4,248.17,4
I00773,O00394,P0374,3,1990.07,10
I00774,O00625,P0132,1,2724.95,2
I00775,O00046,P0142,4,6066.44,48
I00776,O00546,P0352,2,532.58,39
I00777,O00357,P0285,1,1761.26,77
I00778,O00930,P0113,3,3416.47,96
I00779,O00029,P0271,5,738.62,79
I00780,O00802,P0375,4,3283.43,94
I00781,O00567,P0406,1,6416.31,92
I00782,O00961,P0499,3,7550.62,54
I00783,O00788,P0433,5,1431.18,20
I00784,O00947,P0225,4,460.92,1
I00785,O00974,P0436,3,1899.18,31
I00786,O00585,P0189,5,2215.86,78
I00787,O00676,P0023,3,4330.38,83
I00788,O00315,P0380,-5,7641.66,41
I00789,O00455,P0259,3,6695.39,56
I00790,O00990,P0064,1,5503.47,81
I00791,O00060,P0457,5,235.96,10
I00792,O00565,P0403,3,3877.38,8
I00793,O00785,P0467,4,2376.06,33
I00794,O00646,P0367,4,2780.33,79
I00795,O00671,P0239,1,1061.48,87
I00796,O00594,P0076,5,5695.22,70
I00797,O00732,P0164,2,3227.04,32
I00798,O00879,P0494,1,8593.53,69
I00799,O00359,P0349,1,3906.35,64
I00800,O00080,P0241,4,2149.96,41
I00801,O00843,P0142,5,7981.0,9
I00802,O00147,P0093,4,4192.63,77
I00803,O00418,P0472,3,2444.28,47
I00804,O00302,P0307,4,5635.45,20
I00805,O00953,P0341,3,4346.8,75
I00806,O00217,P0393,1,579.32,65
I00807,O00730,P0001,5,4925.66,27
I00808,O00034,P0314,4,4829.98,19
I00809,O00665,P0383,4,4800.42,9
I00810,O00589,P0203,2,5001.64,93
I00811,O00125,P0486,4,3350.98,67
I00812,O00676,P0088,1,507.05,56
I00813,O00857,P0227,3,8002.11,31
I00814,O00787,P0123,3,9297.22,29
I00815,O00996,P0307,4,4087.65,30
I00816,O00902,P0238,4,7107.65,10
I00817,O00079,P0279,3,9214.05,83
I00818,O00460,P0074,4,3281.94,29
I00819,O00129,P0020,5,8082.31,31
I00820,O00682,P0416,4,2631.53,33
I00821,O00121,P0365,3,729.94,53
I00822,O00590,P0223,5,6567.08,98
I00823,O00898,P0123,2,7084.99,21
I00824,O00784,P0058,1,404.0,60
I00825,O00035,P0418,1,2804.0,3
I00826,O00136,P0134,2,2527.08,67
I00827,O00363,P0426,4,3530.3,89
I00828,O00301,P0283,5,4283.43,43
I00829,O00111,P0322,5,4880.5,5
I00830,O00364,P0313,1,3076.29,52
I00831,O00447,P0097,4,4256.31,61
I00832,O00742,P0064,2,6921.1,65
I00833,O00008,P0340,1,5946.42,47
I00834,O00450,P0131,4,1126.86,92
I00835,O00792,P0469,5,3948.88,38
I00836,O00578,P0328,4,1854.41,67
I00837,O00951,P0034,5,3576.85,41
I00838,O00183,P0469,4,6513.22,5
I00839,O00285,P0162,2,6314.12,78
I00840,O00292,P0083,3,5531.19,36
I00841,O00230,P0412,3,1251.4,36
I00842,O00772,P0321,3,1232.71,29
I00843,O00212,P0344,3,778.02,65
I00844,O00925,P0202,-2,3533.04,69
I00845,O00007,P0014,5,3486.23,3
I00846,O00965,P0272,3,4764.63,54
I00847,O00851,P0138,4,3703.11,14
I00848,O00443,P0444,1,7508.97,11
I00849,O00750,P0166,2,6681.64,45
I00850,O00228,P0182,1,1150.86,41
I00851,O00283,P0002,2,6501.16,94
I00852,O00076,P0220,5,8214.74,40
I00853,O00955,P0041,1,5406.21,66
I00854,O00572,P0289,3,6871.41,80
I00855,O00643,P0333,1,4423.58,17
I00856,O00966,P0057,5,5112.02,25
I00857,O00497,P0254,3,5019.22,93
I00858,O00204,P0412,4,1102.62,11
I00859,O00768,P0465,5,1016.19,55
I00860,O00626,P0491,1,1121.35,22
I00861,O00270,P0336,1,6985.6,80
I00862,O00358,P0131,5,1374.57,84
I00863,O00861,P0166,2,5138.13,37
I00864,O00646,P0051,4,3991.45,45
I00865,O00099,P0246,5,1351.63,96
I00866,O00458,P0279,3,6673.28,84
I00867,O00476,P0467,4,2576.63,84
I00868,O00408,P0156,1,543.4,99
I00869,O00885,P0364,4,1317.97,52
I00870,O00275,P0240,-2,2003.15,100
I00871,O00791,P0080,4,613.33,86
I00872,O00829,P0189,3,2280.75,51
I00873,O00275,P0315,3,3078.9,28
I00874,O00047,P0384,3,3944.06,52
I00875,O00171,P0024,2,2987.31,99
I00876,O00629,P0428,1,1931.54,16
I00877,O00974,P0231,5,3030.84,48
I00878,O00342,P0384,1,5499.59,98
I00879,O00051,P0425,5,4499.32,46
I00880,O00161,P0027,5,2661.67,50
I00881,O00166,P0162,2,7492.79,42
I00882,O00751,P0314,4,3780.46,1
I00883,O00774,P0446,1,3273.79,13
I00884,O00497,P0123,5,5344.55,36
I00885,O00647,P0328,-3,2125.91,31
I00886,O00127,P0230,1,4671.52,48
I00887,O00759,P0285,4,1711.83,10
I00888,O00740,P0406,1,7672.92,93
I00889,O00761,P0393,-4,585.66,77
I00890,O00603,P0102,2,8695.58,24
I00891,O00804,P0338,5,4486.94,65
I00892,O00470,P0202,1,3989.16,33
I00893,O00299,P0061,5,4696.35,28
I00894,O00495,P0378,4,5864.3,89
I00895,O00392,P0143,5,2155.59,63
I00896,O00782,P0079,4,1574.24,13
I00897,O00999,P0277,4,4994.95,98
I00898,O00489,P0158,2,5334.4,82
I00899,O00830,P0279,3,7986.34,10
I00900,O00213,P0417,1,1897.49,62
I00901,O00145,P0007,5,475.96,60
I00902,O00581,P0103,5,2416.67,7
I00903,O00319,P0354,4,5257.83,19
I00904,O00579,P0379,1,6777.2,0
I00905,O00774,P0441,3,754.95,62
I00906,O00983,P0335,5,7166.94,41
I00907,O00527,P0065,4,1950.57,94
I00908,O00436,P0032,1,4026.66,48
I00909,O00166,P0231,2,2715.52,15
I00910,O00891,P0462,2,5647.97,4
I00911,O00642,P0117,4,2709.07,62
I00912,O00561,P0027,2,2119.1,1
I00913,O00302,P0157,3,313.91,86
I00914,O00630,P0235,3,5147.69,72
I00915,O00536,P0230,2,4377.78,78
I00916,O00258,P0364,3,1304.83,26
I00917,O00738,P0181,3,3789.59,17
I00918,O00850,P0490,2,2846.3,40
I00919,O00482,P0224,4,4252.41,0
I00920,O00205,P0044,3,5621.72,68
I00921,O00063,P0270,4,1739.76,76
I00922,O00652,P0085,2,3491.33,28
I00923,O00951,P0417,3,1286.35,36
I00924,O00314,P0467,4,1879.95,98
I00925,O00575,P0369,4,2681.43,84
I00926,O00157,P0285,2,1080.84,27
I00927,O00578,P0360,3,1715.78,66
I00928,O00393,P0088,5,450.65,98
I00929,O00990,P0446,5,3072.36,78
I00930,O00003,P0066,4,6633.66,27
I00931,O00630,P0017,1,2425.12,21
I00932,O00332,P0123,4,5494.61,6
I00933,O00451,P0073,2,1694.05,60
I00934,O00779,P0229,3,4580.35,71
I00935,O00395,P0449,4,7289.33,45
I00936,O00325,P0148,3,6612.3,77
I00937,O00969,P0178,2,2098.65,35
I00938,O00574,P0070,2,7169.14,88
I00939,O00572,P0454,3,6045.35,83
I00940,O00887,P0199,3,2272.6,59
I00941,O00219,P0330,3,2841.02,24
I00942,O00956,P0127,4,4401.55,1
I00943,O00539,P0460,2,5633.25,75
I00944,O00933,P0116,3,3820.44,32
I00945,O00622,P0327,5,2579.01,82
I00946,O00408,P0445,3,2334.67,89
I00947,O00059,P0395,3,5137.03,3
I00948,O00648,P0101,4,4074.33,22
I00949,O00664,P0298,4,4205.73,13
I00950,O00628,P0108,1,5710.63,19
I00951,O00135,P0020,2,4910.66,15
I00952,O00728,P0177,1,3557.43,12
I00953,O00874,P0169,5,2422.05,78
I00954,O00689,P0263,1,7834.25,40
I00955,O00601,P0352,2,812.51,46
I00956,O00681,P0457,-5,212.86,85
I00957,O00845,P0453,1,2368.75,18
I00958,O00455,P0342,3,652.04,77
I00959,O00420,P0473,2,199.81,95
I00960,O00575,P0392,1,4703.03,43
I00961,O00714,P0445,4,2412.44,59
I00962,O00093,P0216,1,2506.16,11
I00963,O00642,P0489,2,2734.12,98
I00964,O00223,P0493,2,268.22,58
I00965,O00966,P0411,1,4272.41,87
I00966,O00756,P0267,2,2918.54,6
I00967,O00183,P0345,4,6690.67,72
I00968,O00856,P0034,3,3059.61,25
I00969,O00266,P0306,2,2621.75,33
I00970,O00593,P0224,1,5230.58,98
I00971,O00647,P0368,5,3151.74,21
I00972,O00600,P0474,1,6248.62,68
I00973,O00720,P0057,5,5869.18,82
I00974,O00717,P0367,3,4360.88,70
I00975,O00792,P0225,3,452.24,27
I00976,O00945,P0430,4,310.49,84
I00977,O00479,P0327,2,3120.25,47
I00978,O00603,P0407,5,232.8,41
I00979,O00891,P0245,1,3396.47,20
I00980,O00345,P0411,4,5439.13,12
I00981,O00314,P0219,2,2975.81,69
I00982,O00450,P0108,2,5481.17,58
I00983,O00446,P0355,5,5033.45,60
I00984,O00383,P0495,2,7512.36,61
I00985,O00995,P0218,4,1994.54,29
I00986,O00437,P0179,5,5173.5,73
I00987,O00168,P0489,4,2167.35,38
I00988,O00966,P0299,5,1925.85,72
I00989,O00342,P0076,2,7438.44,6
I00990,O00785,P0351,1,5343.45,44
I00991,O00472,P0344,4,536.28,18
I00992,O00309,P0411,2,4449.22,23
I00993,O00448,P0297,2,5782.62,31
I00994,O00866,P0350,2,8759.75,0
I00995,O00103,P0179,4,4387.55,87
I00996,O00935,P0314,4,4355.14,48
I00997,O00782,P0365,4,1197.7,49
I00998,O00958,P0192,2,3075.7,98
I00999,O00840,P0102,3,8186.88,54
I01000,O00074,P0328,5,1672.36,85
I01001,O00907,P0275,-5,5757.9,98
I01002,O00349,P0387,2,1213.09,0
I01003,O00408,P0268,5,7081.88,82
I01004,O00193,P0067,2,1537.58,38
I01005,O00394,P0443,4,2876.97,54
I01006,O00397,P0111,2,3388.1,61
I01007,O00978,P0113,1,3782.8,20
I01008,O00855,P0232,4,3671.88,10
I01009,O00104,P0426,3,4912.47,51
I01010,O00132,P0147,1,203.33,49
I01011,O00670,P0280,-4,9712.24,51
I01012,O00311,P0094,4,713.86,94
I01013,O00822,P0326,1,4569.95,64
I01014,O00730,P0116,3,3739.27,68
I01015,O00184,P0103,3,2685.0,68
I01016,O00082,P0406,4,5469.11,43
I01017,O00528,P0076,5,7528.21,93
I01018,O00476,P0268,4,4984.39,15
I01019,O00052,P0280,4,9397.32,87
I01020,O00346,P0168,3,3405.7,98
I01021,O00184,P0087,1,2029.38,53
I01022,O00305,P0305,1,7245.24,76
I01023,O00038,P0178,1,1982.75,50
I01024,O00548,P0293,2,2492.83,93
I01025,O00442,P0364,2,1628.74,44
I01026,O00250,P0300,4,1972.28,93
I01027,O00042,P0031,5,4645.54,47
I01028,O00742,P0470,1,4346.89,12
I01029,O00743,P0390,4,3023.7,81
I01030,O00023,P0242,3,2671.36,95
I01031,O00761,P0489,3,2630.6,55
I01032,O00585,P0384,1,3821.58,38
I01033,O00875,P0354,5,5400.38,88
I01034,O00485,P0016,1,1392.22,55
I01035,O00797,P0140,3,1122.09,64
I01036,O00932,P0332,1,3150.56,36
I01037,O00213,P0253,-3,3701.52,53
I01038,O00474,P0459,2,3240.71,81
I01039,O00231,P0254,3,3057.49,41
I01040,O00295,P0463,2,2008.06,77
I01041,O00651,P0467,4,2149.57,69
I01042,O00572,P0180,4,2136.91,43
I01043,O00456,P0374,3,1795.8,95
I01044,O00715,P0444,4,6094.07,49
I01045,O00677,P0030,3,2250.76,10
I01046,O00354,P0199,4,1868.15,95
I01047,O00299,P0387,5,1388.62,57
I01048,O00640,P0150,-4,5254.81,79
I01049,O00426,P0070,3,9556.93,2
I01050,O00503,P0102,3,9546.04,48
I01051,O00622,P0100,5,7654.9,15
I01052,O00217,P0401,1,3131.45,73
I01053,O00163,P0359,3,8554.96,94
I01054,O00361,P0181,4,3371.23,53
I01055,O00789,P0325,5,2299.05,13
I01056,O00546,P0275,3,5077.46,51
I01057,O00294,P0007,4,599.81,57
I01058,O00182,P0246,2,1521.5,0
I01059,O00782,P0018,5,5351.84,22
I01060,O00669,P0451,1,3242.26,53
I01061,O00030,P0487,4,6253.31,17
I01062,O00083,P0325,5,2641.86,93
I01063,O00333,P0294,4,7366.2,21
I01064,O00701,P0267,5,2828.57,47
I01065,O00905,P0320,1,8229.53,49
I01066,O00198,P0118,5,665.14,20
I01067,O00896,P0497,4,3815.31,60
I01068,O00301,P0143,2,2238.37,3
I01069,O00471,P0077,2,5499.21,77
I01070,O00816,P0410,4,2949.02,59
I01071,O00823,P0272,5,4009.63,42
I01072,O00740,P0460,2,8684.53,0
I01073,O00417,P0410,1,4403.79,60
I01074,O00428,P0371,4,8897.86,91
I01075,O00796,P0333,5,6577.51,68
I01076,O00848,P0434,1,7095.53,37
I01077,O00743,P0082,4,3428.34,46
I01078,O00524,P0088,4,537.48,56
I01079,O00107,P0184,4,4371.16,33
I01080,O00115,P0303,5,6204.95,46
I01081,O00146,P0005,4,4278.54,61
I01082,O00338,P0280,2,8297.4,9
I01083,O00504,P0213,4,1316.5,96
I01084,O00706,P0182,3,983.98,100
I01085,O00582,P0451,4,2960.0,4
I01086,O00296,P0056,2,712.61,47
I01087,O00299,P0278,5,6479.72,91
I01088,O00313,P0296,2,7585.23,56
I01089,O00825,P0382,3,5523.94,18
I01090,O00394,P0116,5,3552.56,29
I01091,O00598,P0298,1,3251.45,74
I01092,O00739,P0130,1,6004.92,66
I01093,O00922,P0224,4,4593.33,44
I01094,O00514,P0014,2,3131.47,47
I01095,O00497,P0177,4,5180.43,67
I01096,O00919,P0446,4,2425.31,85
I01097,O00317,P0420,1,1357.96,19
I01098,O00747,P0013,3,4308.15,83
I01099,O00471,P0420,2,1702.97,81
I01100,O00867,P0069,1,6833.85,100
I01101,O00760,P0070,5,6138.85,85
I01102,O00102,P0394,1,4323.08,64
I01103,O00985,P0495,1,7239.63,94
I01104,O00994,P0160,5,7429.21,57
I01105,O00251,P0070,5,6369.55,94
I01106,O00667,P0091,2,4137.01,29
I01107,O00624,P0051,4,3678.83,35
I01108,O00751,P0223,1,7854.5,8
I01109,O00063,P0494,2,5931.73,31
I01110,O00489,P0206,5,5886.21,68
I01111,O00650,P0365,1,725.21,61
I01112,O00488,P0439,1,2144.25,69
I01113,O00499,P0467,5,1800.34,1
I01114,O00927,P0095,5,2498.78,56
I01115,O00651,P0277,2,7356.11,58
I01116,O00417,P0083,1,7267.94,63
I01117,O00495,P0279,2,7487.39,82
I01118,O00545,P0004,3,576.34,35
I01119,O00641,P0015,5,7201.84,96
I01120,O00327,P0321,2,1963.28,65
I01121,O00184,P0195,4,4484.08,55
I01122,O00883,P0383,3,6146.63,81
I01123,O00199,P0097,5,5634.71,97
I01124,O00514,P0288,2,2936.09,98
I01125,O00702,P0366,5,5248.13,78
I01126,O00159,P0056,2,882.64,24
I01127,O00873,P0431,4,653.64,84
I01128,O00529,P0355,2,5678.23,83
I01129,O00799,P0045,5,8495.88,29
I01130,O00877,P0069,3,6885.89,47
I01131,O00745,P0035,2,581.26,95
I01132,O00436,P0362,3,4773.93,97
I01133,O00963,P0101,-4,3951.86,52
I01134,O00144,P0156,3,619.59,98
I01135,O00722,P0277,-3,5705.16,84
I01136,O00383,P0095,3,2334.2,54
I01137,O00574,P0316,4,860.41,27
I01138,O00877,P0337,5,194.97,9
I01139,O00741,P0205,2,6636.2,92
I01140,O00995,P0224,5,7153.81,99
I01141,O00931,P0455,4,6158.97,31
I01142,O00601,P0282,3,4340.57,12
I01143,O00283,P0151,1,7184.27,56
I01144,O00138,P0073,3,2162.33,9
I01145,O00751,P0115,3,1392.21,19
I01146,O00588,P0047,2,1655.66,11
I01147,O00587,P0224,4,5834.08,84
I01148,O00837,P0430,3,351.37,2
I01149,O00070,P0050,2,5689.22,89
I01150,O00370,P0116,3,5108.02,57
I01151,O00480,P0404,2,3084.91,46
I01152,O00995,P0207,3,3712.24,32
I01153,O00024,P0326,5,2922.65,82
I01154,O00826,P0130,4,5927.78,6
I01155,O00525,P0454,5,4546.0,72
I01156,O00983,P0398,4,809.04,41
I01157,O00589,P0380,5,6640.13,8
I01158,O00998,P0160,1,6547.96,14
I01159,O00526,P0214,5,3097.2,11
I01160,O00625,P0480,5,821.03,24
I01161,O00442,P0032,1,4274.99,59
I01162,O00757,P0361,4,3475.78,42
I01163,O00590,P0030,1,1694.74,67
I01164,O00412,P0426,4,4700.25,0
I01165,O00020,P0424,5,1331.14,41
I01166,O00877,P0485,4,1004.51,86
I01167,O00670,P0157,3,305.1,98
I01168,O00915,P0156,5,592.89,73
I01169,O00152,P0091,2,2841.29,23
I01170,O00617,P0495,-1,8927.97,5
I01171,O00978,P0181,2,2206.18,40
I01172,O00207,P0427,2,2604.74,54
I01173,O00942,P0224,3,4747.78,45
I01174,O00921,P0300,1,1995.87,15
I01175,O00889,P0104,-4,6759.41,94
I01176,O00458,P0309,2,595.92,25
I01177,O00605,P0207,2,3925.07,11
I01178,O00593,P0102,2,8401.67,15
I01179,O00124,P0174,2,3557.54,94
I01180,O00325,P0112,5,4275.13,26
I01181,O00369,P0255,1,5708.14,65
I01182,O00017,P0197,1,1978.61,53
I01183,O00103,P0351,4,6178.93,39
I01184,O00869,P0166,1,6622.59,29
I01185,O00830,P0128,1,2247.71,60
I01186,O00282,P0142,1,8184.85,41
I01187,O00255,P0373,1,1782.61,1
I01188,O00144,P0044,2,5624.73,97
I01189,O00822,P0332,1,3214.68,94
I01190,O00425,P0283,3,6532.43,53
I01191,O00532,P0092,2,2416.74,94
I01192,O00948,P0492,2,797.13,20
I01193,O00314,P0258,1,1131.99,47
I01194,O00030,P0277,3,8032.41,42
I01195,O00036,P0338,1,5680.47,18
I01196,O00387,P0406,4,7908.06,92
I01197,O00103,P0251,5,5319.57,28
I01198,O00068,P0024,1,2267.59,60
I01199,O00877,P0124,4,7593.51,56
I01200,O00829,P0293,2,3519.43,39
I01201,O00925,P0013,4,3167.85,41
I01202,O00629,P0445,5,3486.23,12
I01203,O00852,P0121,4,6256.86,25
I01204,O00133,P0427,2,3462.97,18
I01205,O00762,P0096,2,239.67,51
I01206,O00108,P0097,3,4145.05,32
I01207,O00309,P0051,2,3834.25,59
I01208,O00592,P0036,5,1335.95,34
I01209,O00384,P0270,2,1773.89,74
I01210,O00819,P0056,1,917.62,6
I01211,O00015,P0103,2,1663.9,4
I01212,O00331,P0230,2,2832.3,61
I01213,O00193,P0126,4,1638.01,73
I01214,O00220,P0448,4,5782.76,33
I01215,O00763,P0308,5,1083.78,98
I01216,O00346,P0236,5,3804.22,23
I01217,O00893,P0088,3,496.28,70
I01218,O00685,P0365,4,1163.7,97
I01219,O00801,P0123,5,6710.32,82
I01220,O00130,P0292,1,5545.75,58
I01221,O00730,P0420,1,1442.82,44
I01222,O00567,P0258,3,1536.26,10
I01223,O00840,P0303,5,6904.7,65
I01224,O00697,P0039,2,4862.58,2
I01225,O00363,P0042,2,1831.97,99
I01226,O00544,P0464,2,3566.02,68
I01227,O00711,P0382,3,6250.21,67
I01228,O00103,P0260,2,6513.74,81
I01229,O00953,P0408,5,6301.97,19
I01230,O00625,P0035,5,607.11,25
I01231,O00993,P0163,3,614.83,37
I01232,O00996,P0393,4,468.96,60
I01233,O00739,P0354,4,5787.26,0
I01234,O00570,P0162,1,6640.77,26
I01235,O00069,P0277,5,5132.45,52
I01236,O00843,P0441,2,584.82,31
I01237,O00662,P0169,4,2806.51,75
I01238,O00359,P0235,2,3151.25,35
I01239,O00127,P0229,2,6661.67,74
I01240,O00146,P0058,2,430.75,97
I01241,O00121,P0438,-3,1132.11,67
I01242,O00613,P0283,1,5407.83,84
I01243,O00128,P0257,4,3372.94,78
I01244,O00902,P0391,4,9598.99,92
I01245,O00973,P0487,3,7506.9,48
I01246,O00478,P0334,3,3697.54,21
I01247,O00231,P0493,4,251.62,11
I01248,O00886,P0064,5,5516.79,85
I01249,O00987,P0243,4,3933.87,7
I01250,O00287,P0042,1,2163.97,93
I01251,O00656,P0137,3,6268.91,53
I01252,O00086,P0160,3,4542.35,91
I01253,O00507,P0426,4,3776.01,55
I01254,O00800,P0001,3,6442.12,62
I01255,O00580,P0062,5,3882.86,66
I01256,O00111,P0484,4,603.0,82
I01257,O00121,P0318,1,6700.14,30
I01258,O00727,P0170,3,931.33,53
I01259,O00041,P0018,4,4981.4,100
I01260,O00588,P0416,4,4034.52,4
I01261,O00644,P0044,4,5769.41,55
I01262,O00186,P0001,1,3919.6,42
I01263,O00423,P0079,1,1801.47,93
I01264,O00260,P0458,4,3086.39,87
I01265,O00989,P0081,3,1527.9,57
I01266,O00716,P0048,1,8298.38,33
I01267,O00790,P0075,2,5468.26,82
I01268,O00772,P0034,3,3407.32,22
I01269,O00342,P0237,4,5672.31,68
I01270,O00314,P0226,2,548.31,92
I01271,O00321,P0440,1,4861.67,81
I01272,O00208,P0407,2,163.01,90
I01273,O00826,P0427,4,2835.03,46
I01274,O00331,P0486,2,2004.53,24
I01275,O00519,P0419,5,5424.38,71
I01276,O00552,P0223,3,5356.94,79
I01277,O00093,P0126,1,1711.42,84
I01278,O00150,P0152,4,2242.3,68
I01279,O00944,P0157,3,259.82,94
I01280,O00995,P0114,3,5289.67,28
I01281,O00252,P0282,4,4810.62,85
I01282,O00230,P0038,-3,1414.73,28
I01283,O00451,P0494,2,7757.62,27
I01284,O00250,P0181,-2,3735.61,78
I01285,O00425,P0495,4,7328.5,72
I01286,O00869,P0231,2,2713.39,51
I01287,O00397,P0196,5,5754.87,90
I01288,O00270,P0334,3,3709.67,46
I01289,O00366,P0162,2,4564.31,88
I01290,O00848,P0456,2,1491.18,31
I01291,O00099,P0294,5,8858.71,100
I01292,O00549,P0014,5,3129.82,77
I01293,O00735,P0221,2,3168.03,70
I01294,O00589,P0369,2,3130.95,58
I01295,O00606,P0410,5,3495.59,21
I01296,O00573,P0497,1,4888.12,44
I01297,O00152,P0327,4,2218.1,45
I01298,O00283,P0437,1,6370.3,93
I01299,O00503,P0431,1,782.88,97
I01300,O00221,P0053,2,2146.42,39
I01301,O00312,P0278,5,6580.89,72
I01302,O00148,P0467,5,2351.9,87
I01303,O00007,P0134,5,3190.43,6
I01304,O00794,P0445,3,4055.86,78
I01305,O00748,P0210,1,4325.69,24
I01306,O00793,P0498,2,638.45,22
I01307,O00952,P0115,-2,1461.31,15
I01308,O00969,P0061,3,4622.48,89
I01309,O00391,P0360,4,2485.35,17
I01310,O00319,P0253,3,4705.06,90
I01311,O00512,P0173,4,2153.67,33
I01312,O00360,P0252,4,9500.27,81
I01313,O00770,P0492,1,787.93,32
I01314,O00063,P0179,1,5712.38,7
I01315,O00002,P0475,3,1862.13,67
I01316,O00394,P0249,-1,3915.6,72
I01317,O00072,P0420,5,2070.16,24
I01318,O00549,P0092,5,1591.55,44
I01319,O00935,P0374,1,1799.58,47
I01320,O00452,P0157,5,311.72,98
I01321,O00834,P0196,2,5965.9,3
I01322,O00551,P0050,5,5736.81,15
I01323,O00111,P0005,3,3148.55,23
I01324,O00922,P0081,5,1373.15,24
I01325,O00628,P0218,5,1986.21,58
I01326,O00803,P0344,5,732.32,14
I01327,O00253,P0039,5,5346.91,30
I01328,O00414,P0349,4,3708.08,7
I01329,O00932,P0251,4,8091.76,96
I01330,O00533,P0162,5,4613.18,83
I01331,O00577,P0202,3,5031.8,68
I01332,O00560,P0479,5,845.99,36
I01333,O00782,P0335,3,5431.0,80
I01334,O00387,P0438,4,847.44,3
I01335,O00575,P0131,4,1374.46,49
I01336,O00806,P0282,3,5415.96,98
I01337,O00043,P0133,1,4806.37,11
I01338,O00766,P0213,3,1415.02,69
I01339,O00757,P0154,2,3835.78,3
I01340,O00395,P0166,1,4983.88,68
I01341,O00701,P0076,1,7753.38,94
I01342,O00183,P0243,5,4115.19,87
I01343,O00102,P0120,1,6458.19,23
I01344,O00075,P0237,2,6977.67,63
I01345,O00628,P0199,2,1771.55,48
I01346,O00120,P0320,2,8779.36,0
I01347,O00938,P0214,2,3074.75,22
I01348,O00381,P0458,4,4177.77,51
I01349,O00614,P0295,1,4553.26,85
I01350,O00433,P0367,3,3787.39,90
I01351,O00900,P0016,3,1816.56,34
I01352,O00426,P0086,4,6995.12,48
I01353,O00195,P0037,3,4613.06,62
I01354,O00642,P0054,3,614.79,5
I01355,O00707,P0092,4,1596.63,81
I01356,O00924,P0413,1,7406.51,8
I01357,O00172,P0111,2,3867.04,32
I01358,O00294,P0498,4,485.65,72
I01359,O00123,P0363,3,2252.05,25
I01360,O00510,P0037,1,3219.52,66
I01361,O00112,P0180,1,2307.96,4
I01362,O00781,P0309,4,687.44,8
I01363,O00380,P0018,2,5269.6,18
I01364,O00043,P0376,4,1795.31,64
I01365,O00743,P0002,2,5975.3,72
I01366,O00350,P0084,1,644.2,32
I01367,O00206,P0182,2,1253.69,7
I01368,O00970,P0271,4,715.41,8
I01369,O00200,P0387,2,1096.57,92
I01370,O00452,P0458,-4,2521.74,31
I01371,O00571,P0327,5,2385.96,70
I01372,O00702,P0406,3,5129.41,66
I01373,O00738,P0468,-5,3808.94,41
I01374,O00924,P0163,3,375.51,29
I01375,O00577,P0213,1,853.77,49
I01376,O00230,P0062,5,4821.61,4
I01377,O00021,P0070,5,8061.97,60
I01378,O00290,P0193,5,4104.25,49
I01379,O00244,P0010,4,5292.11,78
I01380,O00652,P0465,3,1186.55,19
I01381,O00369,P0402,4,4262.33,36
I01382,O00398,P0462,2,5718.05,20
I01383,O00443,P0208,3,5061.06,18
I01384,O00728,P0207,1,4050.93,29
I01385,O00642,P0361,4,3983.42,51
I01386,O00472,P0014,4,3985.72,56
I01387,O00346,P0433,4,1272.62,51
I01388,O00211,P0329,2,6184.6,91
I01389,O00971,P0006,2,1117.58,84
I01390,O00475,P0046,5,5169.5,97
I01391,O00315,P0012,4,1737.3,18
I01392,O00668,P0405,4,5004.75,99
I01393,O00205,P0102,5,6212.11,70
I01394,O00960,P0011,2,3974.77,23
I01395,O00212,P0203,-4,4341.92,85
I01396,O00764,P0299,2,2098.49,98
I01397,O00589,P0209,2,7315.72,25
I01398,O00480,P0403,2,3704.92,94
I01399,O00499,P0107,2,601.74,97
I01400,O00644,P0077,5,7863.66,86
I01401,O00088,P0238,1,5416.0,6
I01402,O00321,P0136,3,7584.62,45
I01403,O00981,P0011,2,3279.1,8
I01404,O00324,P0220,3,7689.41,57
I01405,O00180,P0412,4,897.75,12
I01406,O00902,P0079,5,1223.07,53
I01407,O00634,P0439,1,2464.9,71
I01408,O00717,P0168,5,3959.15,88
I01409,O00680,P0208,2,5410.38,56
I01410,O00139,P0395,1,4924.11,60
I01411,O00786,P0430,4,288.36,88
I01412,O00599,P0291,3,3513.82,57
I01413,O00970,P0183,1,7800.8,44
I01414,O00908,P0089,3,1578.66,22
I01415,O00694,P0085,2,3166.89,19
I01416,O00810,P0423,1,7857.14,25
I01417,O00812,P0193,3,4670.35,10
I01418,O00819,P0237,3,6187.44,79
I01419,O00174,P0433,5,1304.84,32
I01420,O00533,P0051,2,5257.47,3
I01421,O00171,P0069,4,4266.25,30
I01422,O00444,P0207,3,3005.86,34
I01423,O00341,P0356,4,6069.33,16
I01424,O00588,P0495,-5,5115.34,48
I01425,O00390,P0330,2,2487.93,88
I01426,O00344,P0009,3,4920.77,65
I01427,O00351,P0382,4,3902.63,44
I01428,O00501,P0239,3,1266.19,10
I01429,O00087,P0115,4,1725.54,40
I01430,O00024,P0249,5,5207.98,97
I01431,O00182,P0449,1,6031.18,19
I01432,O00798,P0386,5,4918.83,9
I01433,O00755,P0057,1,7191.57,79
I01434,O00642,P0248,1,6856.69,58
I01435,O00109,P0102,3,7918.5,7
I01436,O00764,P0262,2,5264.57,23
I01437,O00094,P0463,1,1262.32,87
I01438,O00735,P0014,2,2652.77,41
I01439,O00838,P0447,5,945.29,63
I01440,O00481,P0140,5,1203.66,86
I01441,O00063,P0365,5,932.07,64
I01442,O00998,P0045,1,6190.65,18
I01443,O00194,P0294,5,7728.69,89
I01444,O00869,P0484,1,513.53,29
I01445,O00857,P0384,2,4675.29,76
I01446,O00293,P0151,4,5879.61,32
I01447,O00544,P0272,3,2698.81,87
I01448,O00166,P0264,3,1173.16,8
I01449,O00751,P0484,4,426.7,96
I01450,O00783,P0248,4,6646.7,57
I01451,O00691,P0336,1,4987.09,75
I01452,O00621,P0162,3,6676.16,8
I01453,O00860,P0405,5,4606.49,45
I01454,O00308,P0284,4,7435.99,40
I01455,O00195,P0413,5,5335.18,21
I01456,O00420,P0405,1,5042.49,59
I01457,O00867,P0435,3,5344.84,51
I01458,O00476,P0437,4,5952.32,18
I01459,O00026,P0450,4,1648.61,100
I01460,O00892,P0424,3,2005.66,51
I01461,O00811,P0340,-3,6679.51,22
I01462,O00189,P0294,2,5786.77,2
I01463,O00278,P0326,4,3345.33,2
I01464,O00311,P0010,4,5700.17,70
I01465,O00499,P0077,3,6855.13,63
I01466,O00873,P0117,4,1848.57,85
I01467,O00109,P0152,1,1491.46,41
I01468,O00145,P0020,4,5483.84,63
I01469,O00014,P0009,2,6748.04,80
I01470,O00319,P0317,2,6262.94,54
I01471,O00133,P0469,5,5244.31,43
I01472,O00885,P0215,3,1597.9,72
I01473,O00458,P0278,4,6748.19,31
I01474,O00705,P0288,2,2797.81,40
I01475,O00569,P0049,4,6135.26,42
I01476,O00989,P0085,2,3026.2,80
I01477,O00235,P0497,5,5039.07,78
I01478,O00256,P0396,2,3647.63,60
I01479,O00902,P0140,1,1050.26,96
I01480,O00084,P0397,2,3886.52,59
I01481,O00970,P0457,5,285.56,34
I01482,O00797,P0305,1,5518.73,98
I01483,O00373,P0123,3,8749.02,7
I01484,O00649,P0464,4,2500.68,45
I01485,O00150,P0142,5,8411.53,40
I01486,O00620,P0300,4,1939.52,25
I01487,O00612,P0200,2,1981.38,37
I01488,O00200,P0436,1,2215.29,64
I01489,O00386,P0149,3,1872.25,1
I01490,O00148,P0321,3,1409.02,3
I01491,O00477,P0440,4,5267.68,18
I01492,O00569,P0149,4,1569.52,56
I01493,O00281,P0014,3,3420.15,25
I01494,O00167,P0477,5,645.11,41
I01495,O00889,P0024,1,2631.4,61
I01496,O00852,P0320,3,7945.77,70
I01497,O00662,P0271,1,730.56,22
I01498,O00779,P0485,3,873.58,36
I01499,O00583,P0499,3,5421.73,65
I01500,O00731,P0094,1,586.83,8
I01501,O00105,P0301,1,3383.3,91
I01502,O00369,P0340,2,7186.83,43
I01503,O00769,P0489,1,1614.24,51
I01504,O00427,P0076,5,6895.57,50
I01505,O00092,P0270,2,1918.14,57
I01506,O00934,P0081,2,2171.88,29
I01507,O00700,P0159,2,2770.26,6
I01508,O00044,P0033,2,4188.2,29
I01509,O00141,P0239,2,1450.53,41
I01510,O00687,P0115,4,1376.92,65
I01511,O00686,P0369,3,2945.62,53
I01512,O00205,P0231,5,2824.21,26
I01513,O00008,P0238,2,6844.0,10
I01514,O00522,P0196,5,6198.5,21
I01515,O00550,P0126,4,1088.12,80
I01516,O00570,P0305,5,6224.93,49
I01517,O00773,P0073,2,1881.4,42
I01518,O00267,P0121,2,4871.26,83
I01519,O00457,P0094,3,791.17,83
I01520,O00210,P0004,5,551.19,5
I01521,O00761,P0302,4,1152.98,26
I01522,O00754,P0250,2,6054.04,88
I01523,O00838,P0418,2,2080.54,59
I01524,O00236,P0356,1,6122.62,32
I01525,O00318,P0451,2,2440.27,23
I01526,O00970,P0338,3,5636.9,92
I01527,O00401,P0263,3,6901.85,21
I01528,O00612,P0227,4,6711.51,85
I01529,O00110,P0420,2,2002.39,3
I01530,O00012,P0305,5,8457.08,0
I01531,O00747,P0135,3,7639.08,20
I01532,O00221,P0112,1,4877.35,54
I01533,O00428,P0264,3,1710.09,38
I01534,O00310,P0347,1,2391.63,58
I01535,O00652,P0439,2,2970.26,87
I01536,O00955,P0136,1,5982.12,1
I01537,O00241,P0430,1,389.4,74
I01538,O00024,P0144,5,412.56,61
I01539,O00157,P0307,1,4393.42,50
I01540,O00510,P0330,-4,2556.04,59
I01541,O00014,P0144,4,385.54,5
I01542,O00898,P0098,1,836.98,36
I01543,O00274,P0118,4,400.08,34
I01544,O00459,P0481,2,3685.31,83
I01545,O00856,P0096,1,378.38,71
I01546,O00733,P0458,4,4042.81,6
I01547,O00613,P0340,3,5205.46,60
I01548,O00675,P0249,5,5441.27,92
I01549,O00329,P0302,5,1047.12,44
I01550,O00412,P0480,4,699.1,44
I01551,O00689,P0286,3,6418.29,63
I01552,O00985,P0106,5,3423.11,77
I01553,O00341,P0240,3,2486.34,82
I01554,O00553,P0476,4,808.22,21
I01555,O00941,P0144,1,446.18,80
I01556,O00554,P0451,2,3666.43,95
I01557,O00588,P0263,2,5152.61,26
I01558,O00430,P0363,4,2928.61,64
I01559,O00107,P0144,5,385.26,32
I01560,O00169,P0265,5,5090.65,87
I01561,O00334,P0130,3,6779.51,47
I01562,O00536,P0267,5,4047.56,50
I01563,O00768,P0033,2,4737.42,96
I01564,O00660,P0270,1,1578.41,88
I01565,O00915,P0146,2,7557.79,64
I01566,O00938,P0117,1,1731.38,39
I01567,O00311,P0300,2,1886.1,69
I01568,O00196,P0485,1,865.91,3
I01569,O00191,P0349,3,6014.44,87
I01570,O00464,P0370,1,3912.25,54
I01571,O00011,P0253,3,5727.16,38
I01572,O00214,P0474,3,5930.36,79
I01573,O00651,P0473,5,263.09,5
I01574,O00512,P0171,4,836.39,3
I01575,O00882,P0075,3,5296.14,96
I01576,O00433,P0092,5,2111.04,79
I01577,O00702,P0089,3,1697.98,3
I01578,O00500,P0169,4,3387.97,11
I01579,O00095,P0413,4,4801.24,92
I01580,O00768,P0254,1,3844.62,77
I01581,O00318,P0279,4,7653.08,90
I01582,O00421,P0252,4,5667.72,87
I01583,O00692,P0048,2,7510.46,64
I01584,O00186,P0306,4,2301.67,89
I01585,O00948,P0186,5,6769.55,92
I01586,O00121,P0336,1,7308.47,62
I01587,O00301,P0452,2,8725.16,5
I01588,O00437,P0207,3,2566.77,19
I01589,O00498,P0290,1,151.98,49
I01590,O00045,P0331,2,3494.03,28
I01591,O00598,P0325,3,2998.55,29
I01592,O00971,P0311,4,3191.47,12
I01593,O00759,P0066,2,7280.07,77
I01594,O00509,P0403,-5,4010.26,89
I01595,O00538,P0172,-4,5824.6,47
I01596,O00486,P0354,5,3363.97,55
I01597,O00069,P0247,5,1392.53,33
I01598,O00520,P0428,3,2256.65,17
I01599,O00089,P0437,-1,6372.67,85
I01600,O00560,P0120,2,6135.49,33
I01601,O00809,P0008,4,3736.93,74
I01602,O00041,P0241,4,2142.99,18
I01603,O00719,P0135,3,6882.13,47
I01604,O00013,P0021,1,2194.34,85
I01605,O00010,P0489,3,1906.36,17
I01606,O00882,P0169,3,2911.47,27
I01607,O00490,P0367,2,3385.96,12
I01608,O00649,P0344,2,810.84,9
I01609,O00879,P0147,2,196.0,97
I01610,O00075,P0378,1,6960.9,31
I01611,O00371,P0177,4,5981.43,33
I01612,O00443,P0213,4,843.43,41
I01613,O00688,P0190,-4,8144.67,47
I01614,O00857,P0178,4,2362.3,95
I01615,O00973,P0445,2,3711.26,52
I01616,O00534,P0467,2,1785.75,98
I01617,O00032,P0001,1,5156.06,71
I01618,O00796,P0314,1,3515.38,82
I01619,O00403,P0243,1,3573.36,83
I01620,O00549,P0011,3,4175.35,39
I01621,O00396,P0485,4,1376.06,88
I01622,O00946,P0155,5,739.8,76
I01623,O00346,P0329,5,5531.62,62
I01624,O00632,P0116,3,4450.74,32
I01625,O00896,P0096,3,275.0,65
I01626,O00928,P0074,2,2526.8,30
I01627,O00996,P0498,5,492.63,42
I01628,O00286,P0264,5,1354.81,54
I01629,O00912,P0035,2,740.93,98
I01630,O00703,P0019,3,199.09,69
I01631,O00818,P0083,5,6715.29,66
I01632,O00741,P0374,2,2742.54,81
I01633,O00809,P0066,2,6137.78,43
I01634,O00830,P0270,2,1619.19,31
I01635,O00278,P0061,4,6126.36,58
I01636,O00261,P0238,5,7961.44,32
I01637,O00833,P0325,1,2570.97,50
I01638,O00832,P0262,1,5283.1,63
I01639,O00564,P0337,4,235.32,35
I01640,O00204,P0116,5,3572.72,54
I01641,O00488,P0350,4,7275.83,40
I01642,O00126,P0195,1,5513.98,6
I01643,O00285,P0452,1,5589.09,68
I01644,O00099,P0428,3,2263.47,87
I01645,O00913,P0155,4,731.3,7
I01646,O00640,P0375,1,3267.18,36
I01647,O00226,P0296,4,8224.34,73
I01648,O00363,P0057,3,7311.3,19
I01649,O00325,P0160,1,7298.41,21
I01650,O00632,P0477,4,442.15,20
I01651,O00629,P0174,1,3620.0,34
I01652,O00253,P0246,4,1939.17,28
I01653,O00170,P0379,2,7868.26,28
I01654,O00245,P0135,3,8078.78,55
I01655,O00870,P0263,5,6087.91,27
I01656,O00084,P0389,2,7271.52,56
I01657,O00910,P0352,4,671.41,78
I01658,O00784,P0380,-4,6375.42,86
I01659,O00897,P0316,4,766.05,41
I01660,O00631,P0042,1,1687.66,56
I01661,O00148,P0489,5,2406.34,76
I01662,O00414,P0341,4,4527.56,40
I01663,O00255,P0364,3,1491.83,29
I01664,O00481,P0320,4,8928.0,87
I01665,O00715,P0302,5,688.44,91
I01666,O00354,P0274,1,5184.81,2
I01667,O00457,P0260,4,7297.02,11
I01668,O00235,P0112,4,3893.91,33
I01669,O00225,P0256,4,8473.41,82
I01670,O00830,P0463,5,1459.87,4
I01671,O00779,P0456,4,979.59,90
I01672,O00713,P0488,2,389.56,32
I01673,O00262,P0012,1,2027.21,37
I01674,O00286,P0123,2,8847.23,23
I01675,O00171,P0131,2,1403.78,29
I01676,O00587,P0047,1,2184.91,100
I01677,O00482,P0281,2,8906.77,21
I01678,O00985,P0315,-2,2555.84,91
I01679,O00104,P0327,1,2572.14,100
I01680,O00798,P0341,2,5336.57,97
I01681,O00157,P0468,3,4804.15,23
I01682,O00334,P0300,2,1913.9,98
I01683,O00022,P0377,3,7365.21,7
I01684,O00050,P0284,4,6333.69,16
I01685,O00855,P0478,2,5138.08,100
I01686,O00466,P0154,3,4219.88,14
I01687,O00621,P0227,2,8800.2,8
I01688,O00295,P0175,4,6025.82,62
I01689,O00744,P0275,4,5114.33,67
I01690,O00966,P0046,4,5086.14,100
I01691,O00858,P0457,5,258.19,96
I01692,O00418,P0281,3,5716.82,63
I01693,O00212,P0014,2,2640.55,47
I01694,O00926,P0060,3,2469.14,48
I01695,O00323,P0105,3,4887.74,96
I01696,O00794,P0434,1,6776.57,18
I01697,O00810,P0190,4,8279.5,17
I01698,O00146,P0351,3,4853.32,29
I01699,O00409,P0251,4,7260.56,59
I01700,O00475,P0435,3,3335.56,6
I01701,O00919,P0412,2,1105.74,12
I01702,O00359,P0145,3,6040.56,49
I01703,O00302,P0390,4,3665.19,65
I01704,O00957,P0423,5,7932.53,61
I01705,O00199,P0220,1,6526.39,64
I01706,O00104,P0083,-2,5452.86,91
I01707,O00026,P0416,5,3349.91,80
I01708,O00460,P0219,5,3492.92,78
I01709,O00335,P0466,4,2472.13,6
I01710,O00905,P0287,5,3411.88,62
I01711,O00038,P0134,4,2747.36,70
I01712,O00992,P0331,5,3152.66,48
I01713,O00451,P0357,3,8570.29,81
I01714,O00781,P0171,3,1159.35,11
I01715,O00404,P0471,5,5115.78,5
I01716,O00137,P0263,-3,5360.62,72
I01717,O00846,P0374,2,2751.72,54
I01718,O00939,P0288,5,2753.95,8
I01719,O00272,P0490,2,3271.48,100
I01720,O00938,P0239,1,1855.19,86
I01721,O00686,P0050,4,4571.68,43
I01722,O00382,P0078,5,6610.0,33
I01723,O00911,P0462,5,5466.26,94
I01724,O00335,P0349,3,5131.44,85
I01725,O00286,P0173,5,3327.25,99
I01726,O00023,P0020,2,6231.59,34
I01727,O00308,P0148,3,6492.3,92
I01728,O00606,P0466,4,2497.41,32
I01729,O00569,P0194,1,549.35,100
I01730,O00255,P0254,2,4157.61,19
I01731,O00518,P0020,1,5964.88,95
I01732,O00340,P0448,4,5250.85,31
I01733,O00972,P0277,2,8613.73,8
I01734,O00059,P0418,3,2260.91,55
I01735,O00032,P0050,2,4229.66,47
I01736,O00499,P0378,1,8178.98,62
I01737,O00416,P0431,4,782.54,30
I01738,O00824,P0378,3,5399.06,20
I01739,O00386,P0371,5,8471.8,12
I01740,O00756,P0082,1,2119.2,69
I01741,O00095,P0114,4,8745.32,89
I01742,O00003,P0328,2,1804.89,4
I01743,O00864,P0253,2,4739.69,87
I01744,O00090,P0484,3,420.05,39
I01745,O00597,P0233,3,1949.96,5
I01746,O00945,P0161,-5,3112.29,21
I01747,O00503,P0291,4,2604.35,75
I01748,O00539,P0432,3,4325.36,78
I01749,O00474,P0028,3,7777.73,33
I01750,O00717,P0362,2,4644.54,63
I01751,O00291,P0132,5,2127.92,43
I01752,O00830,P0084,2,518.26,65
I01753,O00723,P0039,3,6858.62,53
I01754,O00868,P0191,2,957.54,41
I01755,O00153,P0063,2,1015.43,4
I01756,O00897,P0441,1,566.83,13
I01757,O00741,P0347,4,2271.71,98
I01758,O00594,P0314,3,3756.17,61
I01759,O00953,P0337,4,243.23,85
I01760,O00310,P0232,5,5968.46,26
I01761,O00373,P0339,4,3360.1,24
I01762,O00033,P0352,3,862.23,32
I01763,O00510,P0123,4,7124.87,50
I01764,O00836,P0452,3,6511.5,90
I01765,O00982,P0357,4,9377.65,72
I01766,O00803,P0161,-2,3050.53,32
I01767,O00897,P0387,4,1555.77,18
I01768,O00246,P0433,1,1426.14,63
I01769,O00739,P0135,3,5985.25,4
I01770,O00729,P0209,1,5713.57,78
I01771,O00108,P0215,3,2017.58,64
I01772,O00341,P0039,2,6406.46,94
I01773,O00401,P0436,5,2679.85,75
I01774,O00202,P0275,5,5211.96,93
I01775,O00737,P0490,1,3042.82,37
I01776,O00468,P0486,5,2050.81,42
I01777,O00643,P0171,1,1186.52,8
I01778,O00428,P0126,4,1903.79,77
I01779,O00323,P0225,5,649.2,28
I01780,O00913,P0050,4,5094.81,4
I01781,O00594,P0219,2,3172.19,33
I01782,O00042,P0218,1,1338.86,57
I01783,O00441,P0300,2,1169.9,9
I01784,O00922,P0295,3,5484.67,53
I01785,O00976,P0449,1,7389.51,98
I01786,O00680,P0426,3,3330.84,74
I01787,O00566,P0178,2,1707.17,14
I01788,O00399,P0061,2,5069.44,42
I01789,O00206,P0389,2,5513.24,54
I01790,O00252,P0123,1,9166.63,2
I01791,O00768,P0380,1,8335.45,21
I01792,O00426,P0009,3,4286.14,54
I01793,O00371,P0316,2,579.01,36
I01794,O00709,P0429,3,5264.35,8
I01795,O00895,P0034,1,2914.7,0
I01796,O00789,P0219,2,4333.07,34
I01797,O00463,P0405,2,4661.68,64
I01798,O00126,P0121,5,5138.55,78
I01799,O00365,P0198,3,8258.56,45
I01800,O00194,P0292,2,7443.96,32
I01801,O00636,P0008,1,4031.58,98
I01802,O00167,P0262,1,3351.72,20
I01803,O00548,P0139,5,4571.09,96
I01804,O00874,P0476,-3,624.97,96
I01805,O00525,P0360,4,2588.26,51
I01806,O00636,P0142,2,7798.47,99
I01807,O00069,P0481,5,3985.89,95
I01808,O00957,P0334,2,4790.05,63
I01809,O00397,P0023,5,4541.2,47
I01810,O00038,P0205,2,6531.8,0
I01811,O00681,P0080,5,855.71,83
I01812,O00858,P0277,3,4925.04,40
I01813,O00864,P0426,4,3447.98,66
I01814,O00608,P0491,5,1064.31,63
I01815,O00744,P0022,5,6788.78,15
I01816,O00806,P0124,5,7368.19,40
I01817,O00842,P0002,2,6393.22,4
I01818,O00308,P0353,1,443.64,17
I01819,O00157,P0381,3,6528.22,52
I01820,O00373,P0249,1,3323.45,39
I01821,O00027,P0197,3,3546.07,41
I01822,O00891,P0090,2,1857.9,67
I01823,O00103,P0463,5,1631.62,12
I01824,O00326,P0352,3,881.99,23
I01825,O00820,P0350,5,5704.67,6
I01826,O00779,P0176,3,3334.63,69
I01827,O00563,P0185,1,8913.81,88
I01828,O00566,P0256,5,7674.39,12
I01829,O00042,P0029,4,3306.54,53
I01830,O00276,P0155,1,762.68,17
I01831,O00968,P0379,1,6738.4,13
I01832,O00829,P0143,4,2753.71,69
I01833,O00606,P0030,1,2345.55,31
I01834,O00190,P0415,1,1133.17,72
I01835,O00018,P0096,1,308.01,93
I01836,O00981,P0461,2,6974.31,87
I01837,O00418,P0151,5,5010.32,66
I01838,O00748,P0302,3,1069.09,24
I01839,O00061,P0382,4,4759.42,78
I01840,O00541,P0084,4,468.8,17
I01841,O00422,P0244,4,3143.25,36
I01842,O00877,P0195,3,7353.29,90
I01843,O00620,P0375,4,2893.83,14
I01844,O00765,P0031,4,5276.5,16
I01845,O00657,P0290,5,186.19,85
I01846,O00042,P0360,2,1882.27,31
I01847,O00701,P0329,1,6811.02,27
I01848,O00589,P0157,3,198.0,26
I01849,O00015,P0141,1,3302.65,43
I01850,O00151,P0289,2,7101.94,100
I01851,O00333,P0336,1,8370.36,48
I01852,O00455,P0183,5,7765.2,81
I01853,O00362,P0424,2,1525.24,85
I01854,O00972,P0051,2,3698.94,6
I01855,O00475,P0097,-3,3888.31,100
I01856,O00537,P0320,1,6181.22,52
I01857,O00145,P0312,1,2635.2,22
I01858,O00485,P0001,4,6314.55,67
I01859,O00357,P0110,1,2068.48,28
I01860,O00885,P0148,4,5650.13,61
I01861,O00492,P0486,4,2335.84,17
I01862,O00661,P0174,1,2809.5,28
I01863,O00957,P0244,5,2014.35,34
I01864,O00707,P0227,3,5881.19,84
I01865,O00765,P0473,5,232.86,8
I01866,O00110,P0154,5,4419.43,36
I01867,O00776,P0193,3,4689.54,71
I01868,O00947,P0456,5,1183.06,23
I01869,O00004,P0391,4,5980.0,2
I01870,O00789,P0008,3,3533.24,72
I01871,O00199,P0428,-3,1485.39,93
I01872,O00436,P0418,3,2009.35,34
I01873,O00412,P0216,5,3375.62,77
I01874,O00099,P0026,5,5701.26,79
I01875,O00333,P0319,2,4373.52,43
I01876,O00247,P0320,3,7176.78,63
I01877,O00576,P0242,2,2353.15,9
I01878,O00141,P0222,1,5786.66,5
I01879,O00548,P0434,2,8078.59,9
I01880,O01000,P0398,1,829.83,91
I01881,O00220,P0043,2,760.91,12
I01882,O00941,P0455,1,5779.0,15
I01883,O00912,P0021,3,2748.42,26
I01884,O00243,P0107,1,717.35,11
I01885,O00550,P0101,3,4783.72,97
I01886,O00706,P0190,2,6266.34,21
I01887,O00502,P0058,1,463.69,27
I01888,O00103,P0408,4,4186.56,74
I01889,O00285,P0213,2,814.89,89
I01890,O00772,P0391,3,7302.45,89
I01891,O00100,P0201,-2,6367.79,73
I01892,O00198,P0355,1,3593.17,20
I01893,O00751,P0139,2,4523.39,26
I01894,O00472,P0163,2,363.47,57
I01895,O00033,P0045,2,5842.55,92
I01896,O00775,P0064,2,7318.68,38
I01897,O00065,P0066,4,6799.88,20
I01898,O00176,P0305,4,6225.84,68
I01899,O00915,P0360,2,2127.75,10
I01900,O00158,P0251,2,7039.99,55
I01901,O00171,P0114,2,6035.53,66
I01902,O00544,P0310,5,644.61,75
I01903,O00908,P0281,5,6894.49,76
I01904,O00221,P0366,5,7501.3,54
I01905,O00814,P0435,2,4111.51,40
I01906,O00949,P0059,3,1107.1,98
I01907,O00303,P0211,1,3416.29,68
I01908,O00896,P0185,4,7451.99,88
I01909,O00236,P0166,2,6922.94,68
I01910,O00405,P0151,1,8700.36,74
I01911,O00185,P0097,2,4959.55,29
I01912,O00052,P0091,2,3442.57,77
I01913,O00248,P0036,5,1064.73,10
I01914,O00096,P0032,3,3105.44,42
I01915,O00183,P0356,5,4333.38,62
I01916,O00809,P0462,2,3713.76,81
I01917,O00640,P0055,1,616.37,54
I01918,O00779,P0236,5,2647.23,21
I01919,O00346,P0224,3,4130.09,97
I01920,O00794,P0384,1,4862.28,3
I01921,O00169,P0075,1,5190.55,81
I01922,O00705,P0449,5,5339.59,12
I01923,O00552,P0209,4,6825.43,7
I01924,O00154,P0010,-5,6140.8,40
I01925,O00814,P0304,4,3982.38,82
I01926,O00268,P0446,3,2091.36,69
I01927,O00591,P0205,2,6871.44,36
I01928,O00787,P0398,4,608.66,22
I01929,O00808,P0451,3,2499.77,48
I01930,O00446,P0234,4,2381.61,5
I01931,O00678,P0336,5,5645.67,31
I01932,O00350,P0322,4,2886.68,92
I01933,O00154,P0384,5,4193.15,72
I01934,O00153,P0158,1,6035.18,65
I01935,O00379,P0208,2,4701.33,46
I01936,O00804,P0196,3,5258.1,93
I01937,O00041,P0450,1,1453.24,6
I01938,O00421,P0246,4,1711.0,78
I01939,O00364,P0354,5,5381.09,2
I01940,O00976,P0006,5,1152.24,67
I01941,O00063,P0110,2,2020.5,6
I01942,O00259,P0164,1,2998.12,15
I01943,O00757,P0175,5,4393.86,80
I01944,O00660,P0202,3,3918.55,60
I01945,O00255,P0233,4,2597.65,48
I01946,O00066,P0177,2,4491.77,31
I01947,O00145,P0302,2,1026.5,79
I01948,O00535,P0248,3,5621.21,85
I01949,O00163,P0462,3,3199.45,53
I01950,O00743,P0065,2,2269.15,55
I01951,O00984,P0454,2,5699.3,10
I01952,O00842,P0352,4,673.79,80
I01953,O00969,P0124,4,7064.02,96
I01954,O00044,P0208,3,3516.39,100
I01955,O00378,P0395,2,3658.69,87
I01956,O00983,P0179,2,5410.35,93
I01957,O00482,P0313,1,2265.28,52
I01958,O00526,P0475,3,1531.68,67
I01959,O00024,P0279,5,8599.17,93
I01960,O00570,P0181,1,3279.2,66
I01961,O00283,P0281,2,6394.45,17
I01962,O00714,P0469,4,3843.0,88
I01963,O00704,P0245,3,2977.45,37
I01964,O00222,P0201,2,4136.91,97
I01965,O00539,P0439,3,2235.36,40
I01966,O00228,P0211,1,4338.24,13
I01967,O00615,P0301,1,3251.39,59
I01968,O00622,P0196,1,6423.58,30
I01969,O00696,P0458,5,2772.83,27
I01970,O00331,P0115,2,1890.61,5
I01971,O00741,P0094,4,562.98,10
I01972,O00509,P0141,5,3999.38,41
I01973,O00984,P0223,4,6591.88,52
I01974,O00538,P0157,5,341.7,1
I01975,O00028,P0476,2,860.76,3
I01976,O00798,P0224,5,5400.14,70
I01977,O00537,P0039,2,7227.97,31
I01978,O00653,P0108,4,5194.13,33
I01979,O00611,P0409,3,5281.04,92
I01980,O00904,P0062,4,4478.72,27
I01981,O00812,P0247,4,1696.07,7
I01982,O00073,P0341,1,6432.48,67
I01983,O00553,P0096,5,275.6,29
I01984,O00352,P0162,4,7237.78,75
I01985,O00418,P0014,2,2887.74,92
I01986,O00622,P0387,2,1283.83,18
I01987,O00282,P0201,1,4501.86,53
I01988,O00957,P0105,1,3598.96,95
I01989,O00549,P0405,3,4870.04,95
I01990,O00646,P0330,1,1920.81,43
I01991,O00405,P0261,2,579.31,95
I01992,O00099,P0012,1,1619.92,16
I01993,O00019,P0397,4,4795.46,24
I01994,O00209,P0298,1,3375.88,50
I01995,O00893,P0352,5,829.47,49
I01996,O00075,P0235,2,3760.28,95
I01997,O00180,P0479,2,902.4,32
I01998,O00838,P0164,3,2407.7,70
I01999,O00112,P0196,2,4990.85,62
I02000,O00660,P0048,4,7966.34,79
I02001,O00852,P0288,2,2856.13,95
I02002,O00312,P0117,1,2833.74,0
I02003,O00799,P0456,5,956.29,38
I02004,O00684,P0434,2,7775.46,94
I02005,O00048,P0076,5,5305.42,82
I02006,O00128,P0026,3,4539.33,85
I02007,O00711,P0081,3,1288.32,6
I02008,O00579,P0271,5,851.98,8
I02009,O00187,P0220,3,9186.32,91
I02010,O00597,P0017,4,3595.99,51
I02011,O00639,P0389,5,9652.87,53
I02012,O00385,P0046,5,6107.88,84
I02013,O00658,P0179,3,4734.46,76
I02014,O00535,P0230,4,3483.8,68
I02015,O00653,P0419,3,6134.6,31
I02016,O00106,P0161,2,3337.07,98
I02017,O00584,P0173,5,3019.84,24
I02018,O00111,P0233,2,2103.34,99
I02019,O00145,P0092,2,2207.9,55
I02020,O00984,P0397,4,4792.54,52
I02021,O00572,P0073,5,1742.97,50
I02022,O00428,P0215,1,2596.87,3
I02023,O00222,P0297,4,6749.04,92
I02024,O00226,P0080,2,614.36,84
I02025,O00666,P0400,5,3210.77,66
I02026,O00575,P0455,2,6320.31,36
I02027,O00984,P0180,1,2820.32,84
I02028,O00924,P0005,1,3842.04,78
I02029,O00563,P0203,4,5472.12,100
I02030,O00782,P0346,2,6053.59,86
I02031,O00273,P0346,2,5038.02,70
I02032,O00353,P0357,4,7146.68,9
I02033,O00494,P0266,-2,9041.71,12
I02034,O00827,P0087,2,2344.43,73
I02035,O00769,P0398,3,629.08,24
I02036,O00153,P0469,3,4379.06,98
I02037,O00279,P0268,3,6125.57,5
I02038,O00169,P0219,1,3654.08,28
I02039,O00873,P0393,-1,495.39,76
I02040,O00399,P0171,4,696.96,7
I02041,O00782,P0016,1,1558.78,25
I02042,O00198,P0380,1,8690.92,42
I02043,O00068,P0243,1,3797.68,7
I02044,O00083,P0165,5,381.08,77
I02045,O00330,P0408,1,4076.75,52
I02046,O00535,P0057,2,5025.86,74
I02047,O00643,P0120,4,5252.32,93
I02048,O00287,P0194,3,567.02,63
I02049,O00289,P0215,4,1908.65,7
I02050,O00744,P0290,4,167.91,52
I02051,O00353,P0113,2,2857.15,11
I02052,O00846,P0471,4,6016.26,49
I02053,O00579,P0040,1,1482.33,77
I02054,O00270,P0183,1,5127.64,67
I02055,O00994,P0455,5,4526.48,25
I02056,O00960,P0457,4,177.43,40
I02057,O00176,P0054,3,457.49,51
I02058,O00950,P0043,1,687.33,1
I02059,O00921,P0410,2,4489.32,86
I02060,O00168,P0192,1,2773.83,14
I02061,O00244,P0223,2,7833.37,85
I02062,O00508,P0135,3,7545.21,44
I02063,O00224,P0084,4,516.7,85
I02064,O00271,P0143,5,3156.2,92
I02065,O00331,P0333,2,4566.75,50
I02066,O00997,P0005,3,4087.15,55
I02067,O00055,P0177,3,4039.8,26
I02068,O00408,P0224,3,5582.79,13
I02069,O00759,P0052,2,410.06,85
I02070,O00192,P0189,5,1778.09,20
I02071,O00916,P0388,1,1572.53,68
I02072,O00199,P0015,2,6426.55,53
I02073,O00349,P0293,2,3704.37,62
I02074,O00777,P0246,5,1545.86,29
I02075,O00118,P0224,5,6828.49,22
I02076,O00327,P0488,5,357.87,43
I02077,O00461,P0344,2,956.74,2
I02078,O00603,P0352,4,738.32,81
I02079,O00950,P0484,4,737.44,58
I02080,O00413,P0345,4,9284.34,63
I02081,O00531,P0390,2,4653.22,18
I02082,O00003,P0193,1,3438.44,18
I02083,O00176,P0048,1,5259.31,80
I02084,O00164,P0265,3,3394.95,50
I02085,O00344,P0253,-3,5253.66,57
I02086,O00415,P0069,1,5998.62,93
I02087,O00789,P0130,1,7491.48,9
I02088,O00582,P0457,5,212.17,58
I02089,O00571,P0058,5,412.2,98
I02090,O00639,P0481,3,3320.16,36
I02091,O00976,P0395,5,3233.38,4
I02092,O00975,P0028,3,7773.47,93
I02093,O00556,P0077,2,6204.21,92
I02094,O00257,P0069,5,5790.8,37
I02095,O00621,P0071,2,6150.25,94
I02096,O00645,P0296,5,5756.44,10
I02097,O00642,P0134,3,2571.88,58
I02098,O00452,P0281,1,5407.21,22
I02099,O00412,P0334,2,3746.16,61
I02100,O00996,P0495,2,7742.22,3
I02101,O00390,P0231,5,3121.27,78
I02102,O00680,P0247,1,2374.88,63
I02103,O00394,P0085,5,3457.66,79
I02104,O00518,P0312,5,3009.35,19
I02105,O00591,P0444,2,6208.49,95
I02106,O00545,P0048,1,5776.01,67
I02107,O00191,P0158,1,5690.5,30
I02108,O00276,P0451,3,4161.22,84
I02109,O00400,P0240,3,1856.6,79
I02110,O00583,P0048,3,4726.39,86
I02111,O00922,P0004,1,691.02,99
I02112,O00275,P0449,3,5569.35,67
I02113,O00404,P0289,4,5174.78,45
I02114,O00654,P0204,5,4800.18,17
I02115,O00868,P0180,5,2581.12,50
I02116,O00200,P0247,2,1912.82,73
I02117,O00169,P0002,1,5753.41,87
I02118,O00780,P0331,3,3575.65,61
I02119,O00352,P0141,2,3253.63,73
I02120,O00604,P0085,2,2829.85,88
I02121,O00623,P0196,2,5856.84,47
I02122,O00963,P0080,1,685.28,71
I02123,O00027,P0301,4,4214.77,62
I02124,O00396,P0330,5,3354.79,71
I02125,O00329,P0279,-3,8529.97,98
I02126,O00230,P0442,3,1619.65,39
I02127,O00692,P0212,5,8229.79,73
I02128,O00116,P0338,1,6199.79,76
I02129,O00204,P0259,4,6929.12,90
I02130,O00276,P0119,3,5141.21,11
I02131,O00315,P0076,3,4847.62,37
I02132,O00848,P0274,4,5080.72,13
I02133,O00375,P0021,2,3027.1,27
I02134,O00867,P0114,4,8811.21,12
I02135,O00459,P0449,2,7838.6,5
I02136,O00273,P0447,1,1448.34,19
I02137,O00789,P0038,1,1386.65,4
I02138,O00393,P0018,3,5833.3,15
I02139,O00575,P0345,5,5715.4,93
I02140,O00007,P0424,2,1615.74,16
I02141,O00540,P0037,2,4027.26,98
I02142,O00912,P0193,3,2923.72,42
I02143,O00829,P0069,5,6689.76,53
I02144,O00885,P0196,1,5831.25,64
I02145,O00461,P0279,4,7593.96,35
I02146,O00142,P0467,3,2028.31,43
I02147,O00759,P0466,5,3469.81,35
I02148,O00751,P0286,5,5887.18,46
I02149,O00862,P0067,3,2228.86,22
I02150,O00981,P0483,5,7654.26,15
I02151,O00439,P0108,1,5956.49,3
I02152,O00007,P0086,2,7196.64,5
I02153,O00382,P0142,2,7805.5,75
I02154,O00243,P0197,2,2177.96,14
I02155,O00071,P0473,3,204.88,41
I02156,O00535,P0398,3,668.4,81
I02157,O00187,P0342,4,980.19,36
I02158,O00533,P0036,3,1056.14,49
I02159,O00734,P0474,4,6656.47,63
I02160,O00921,P0226,2,770.37,56
I02161,O00154,P0243,3,4681.38,16
I02162,O00757,P0385,3,6349.74,47
I02163,O00982,P0147,3,146.18,27
I02164,O00828,P0047,2,2373.19,94
I02165,O00065,P0479,2,611.57,77
I02166,O00661,P0443,2,1884.95,39
I02167,O00387,P0058,5,445.77,11
I02168,O00269,P0204,5,5594.01,26
I02169,O00025,P0480,5,769.43,98
I02170,O00724,P0298,4,2791.26,58
I02171,O00922,P0148,2,5931.05,59
I02172,O00997,P0333,3,5700.88,80
I02173,O00389,P0403,3,3475.39,73
I02174,O00634,P0157,1,212.13,99
I02175,O00674,P0324,4,2376.83,93
I02176,O00563,P0497,1,5459.17,91
I02177,O00661,P0054,4,542.95,8
I02178,O00204,P0344,4,730.11,91
I02179,O00672,P0186,2,6950.13,23
I02180,O00177,P0066,1,4555.92,72
I02181,O00422,P0137,5,7623.16,12
I02182,O00674,P0293,4,3930.26,9
I02183,O00564,P0118,3,438.42,21
I02184,O00720,P0351,3,8567.07,73
I02185,O00570,P0123,5,9137.54,34
I02186,O00743,P0369,4,2838.96,94
I02187,O00828,P0438,4,1049.26,31
I02188,O00268,P0433,1,1716.01,73
I02189,O00743,P0216,4,2388.37,57
I02190,O00882,P0253,5,5382.49,0
I02191,O00451,P0210,2,4040.14,7
I02192,O00923,P0165,3,457.25,97
I02193,O00737,P0394,5,2653.86,62
I02194,O00975,P0201,3,5146.82,66
I02195,O00029,P0380,2,8682.42,96
I02196,O00374,P0110,1,2195.86,92
I02197,O00178,P0443,1,1931.83,5
I02198,O00501,P0230,3,4197.73,87
I02199,O00519,P0208,4,5206.26,56
I02200,O00710,P0178,3,2218.75,90
I02201,O00366,P0231,3,2192.92,81
I02202,O00063,P0258,5,1407.02,96
I02203,O00285,P0461,1,7505.85,30
I02204,O00835,P0019,4,225.64,73
I02205,O00069,P0356,3,5369.87,20
I02206,O00585,P0373,2,2701.15,11
I02207,O00659,P0496,1,3465.11,99
I02208,O00680,P0019,5,156.67,38
I02209,O00670,P0310,2,620.25,65
I02210,O00844,P0185,2,5861.01,0
I02211,O00482,P0395,5,3056.11,87
I02212,O00624,P0042,5,2295.09,18
I02213,O00155,P0330,4,3018.32,14
I02214,O00888,P0367,2,3800.11,89
I02215,O00771,P0455,4,6011.1,6
I02216,O00764,P0051,1,4686.74,14
I02217,O00108,P0014,1,2754.86,23
I02218,O00739,P0175,1,4490.34,17
I02219,O00948,P0271,3,827.56,56
I02220,O00638,P0080,2,781.44,27
I02221,O00198,P0219,1,3553.16,43
I02222,O00677,P0442,2,1845.17,83
I02223,O00107,P0212,3,5335.35,100
I02224,O00093,P0485,3,1047.3,71
I02225,O00144,P0099,4,936.64,1
I02226,O00138,P0145,5,4913.0,36
I02227,O00861,P0098,4,1139.03,24
I02228,O00359,P0426,3,5084.33,8
I02229,O00220,P0217,1,7885.66,72
I02230,O00798,P0052,5,390.43,63
I02231,O00235,P0037,1,4957.32,15
I02232,O00435,P0216,2,3848.99,70
I02233,O00397,P0041,3,4289.36,16
I02234,O00266,P0078,2,6899.93,95
I02235,O00494,P0339,-2,5245.54,54
I02236,O00166,P0011,1,3887.51,71
I02237,O00171,P0496,4,3507.25,7
I02238,O00988,P0117,4,1748.99,54
I02239,O00234,P0493,-5,194.97,36
I02240,O00923,P0340,5,4353.15,40
I02241,O00163,P0195,3,7138.1,87
I02242,O00728,P0459,1,3716.46,4
I02243,O00018,P0415,2,1113.58,51
I02244,O00787,P0360,4,2412.06,47
I02245,O00316,P0242,4,3505.31,47
I02246,O00798,P0261,4,779.11,47
I02247,O00177,P0388,3,1668.86,32
I02248,O00141,P0276,4,2971.16,32
I02249,O00114,P0468,4,3464.77,7
I02250,O00527,P0368,1,2220.04,26
I02251,O00755,P0356,1,6894.97,70
I02252,O00409,P0466,2,2457.76,11
I02253,O00529,P0117,4,1691.81,1
I02254,O00745,P0050,5,5144.12,57
I02255,O00032,P0280,1,9305.04,13
I02256,O00475,P0488,3,286.77,65
I02257,O00105,P0487,1,4988.54,59
I02258,O00993,P0109,2,2700.43,36
I02259,O00977,P0193,3,3222.09,38
I02260,O00180,P0431,2,632.93,25
I02261,O00446,P0367,-1,2794.73,68
I02262,O00458,P0412,5,978.6,54
I02263,O00031,P0248,5,4471.49,71
I02264,O00688,P0167,1,3470.25,99
I02265,O00161,P0338,2,5934.82,56
I02266,O00911,P0414,3,4934.8,19
I02267,O00066,P0163,1,494.68,17
I02268,O00059,P0220,-4,9377.36,51
I02269,O00319,P0268,4,7249.23,80
I02270,O00070,P0389,-5,8995.23,6
I02271,O00683,P0056,4,964.62,32
I02272,O00671,P0473,-1,212.67,30
I02273,O00566,P0103,5,1572.48,91
I02274,O00879,P0486,5,3124.18,89
I02275,O00323,P0443,3,2256.34,90
I02276,O00177,P0166,1,4468.19,78
I02277,O00828,P0243,5,4307.53,82
I02278,O00952,P0135,5,9108.85,100
I02279,O00505,P0208,5,4645.31,82
I02280,O00605,P0224,1,5479.28,15
I02281,O00570,P0158,4,5892.38,13
I02282,O00979,P0484,4,439.73,27
I02283,O00051,P0294,4,6864.45,73
I02284,O00851,P0469,3,4180.28,41
I02285,O00755,P0182,4,1128.15,65
I02286,O00597,P0232,5,4948.76,14
I02287,O00016,P0475,5,1098.3,33
I02288,O00869,P0211,2,4725.98,84
I02289,O00479,P0149,-2,1448.9,58
I02290,O00109,P0276,5,1892.15,7
I02291,O00676,P0040,2,964.04,84
I02292,O00954,P0416,3,4109.04,69
I02293,O00701,P0149,1,2189.55,78
I02294,O00517,P0241,5,3104.67,99
I02295,O00151,P0482,5,7014.24,10
I02296,O00749,P0288,4,3956.49,64
I02297,O00951,P0342,5,969.63,3
I02298,O00951,P0229,1,5543.61,33
I02299,O00165,P0316,3,868.66,57
I02300,O00756,P0498,3,692.69,73
I02301,O00383,P0230,4,3810.02,1
I02302,O00832,P0490,5,2094.19,69
I02303,O00328,P0464,1,3460.36,11
I02304,O00390,P0430,2,414.52,38
I02305,O00783,P0418,5,2550.47,10
I02306,O00512,P0120,2,7293.05,75
I02307,O00615,P0259,3,7520.67,71
I02308,O00744,P0491,5,1547.4,74
I02309,O00052,P0101,4,3619.08,75
I02310,O00121,P0005,3,2967.4,11
I02311,O00364,P0030,5,1789.5,63
I02312,O00182,P0435,5,4216.15,86
I02313,O00342,P0298,5,4146.63,45
I02314,O00472,P0042,1,1890.1,84
I02315,O00656,P0289,4,4624.07,77
I02316,O00290,P0453,4,2456.88,48
I02317,O00738,P0327,4,2564.88,78
I02318,O00464,P0117,-4,2319.23,19
I02319,O00157,P0275,1,5607.91,13
I02320,O00956,P0457,4,206.63,97
I02321,O00417,P0320,2,6124.55,69
I02322,O00991,P0464,-2,3665.67,99
I02323,O00410,P0109,2,3731.47,64
I02324,O00902,P0105,2,4741.02,33
I02325,O00771,P0079,4,1557.0,77
I02326,O00023,P0323,5,3394.08,8
I02327,O00220,P0305,1,8659.53,14
I02328,O00743,P0429,5,4371.36,84
I02329,O00168,P0290,5,229.41,26
I02330,O00219,P0035,4,625.95,52
I02331,O00255,P0215,1,1498.1,32
I02332,O00097,P0414,3,4956.13,99
I02333,O00369,P0400,1,4661.49,35
I02334,O00269,P0225,3,425.05,12
I02335,O00033,P0422,4,4289.81,89
I02336,O00807,P0103,3,2181.0,51
I02337,O00759,P0419,1,4814.95,95
I02338,O00130,P0341,1,6089.37,76
I02339,O00560,P0397,5,4111.2,69
I02340,O00747,P0081,5,1272.53,51
I02341,O00149,P0474,4,5126.35,10
I02342,O00530,P0208,4,5166.75,13
I02343,O00638,P0066,2,4653.55,50
I02344,O00560,P0105,4,4701.78,84
I02345,O00938,P0018,5,4669.32,74
I02346,O00563,P0134,4,2418.62,64
I02347,O00706,P0077,4,7925.91,11
I02348,O00268,P0331,3,5044.79,84
I02349,O00629,P0421,1,3084.19,76
I02350,O00704,P0197,2,3223.88,46
I02351,O00391,P0204,2,6899.96,5
I02352,O00486,P0411,3,3783.42,87
I02353,O00611,P0328,1,1875.88,98
I02354,O00213,P0128,5,2291.73,31
I02355,O00664,P0266,4,6001.14,65
I02356,O00382,P0371,5,7436.19,48
I02357,O00026,P0154,-4,5485.12,83
I02358,O00140,P0292,5,6405.44,74
I02359,O00301,P0344,3,939.53,48
I02360,O00759,P0438,3,1353.58,78
I02361,O00421,P0449,4,4808.83,55
I02362,O00840,P0155,3,781.88,39
I02363,O00373,P0132,3,2904.94,56
I02364,O00030,P0335,3,6857.97,100
I02365,O00988,P0388,3,1110.74,100
I02366,O00030,P0189,5,2257.73,31
I02367,O00415,P0312,3,3672.08,100
I02368,O00189,P0163,2,564.29,43
I02369,O00407,P0132,3,3146.86,77
I02370,O00948,P0304,5,2378.3,88
I02371,O00192,P0334,4,3007.68,19
I02372,O00781,P0129,3,7622.78,54
I02373,O00486,P0192,4,3477.46,17
I02374,O00400,P0301,3,2423.51,10
I02375,O00103,P0394,2,2613.67,64
I02376,O00530,P0365,3,1042.31,7
I02377,O00550,P0122,1,3922.4,60
I02378,O00406,P0130,5,5909.89,63
I02379,O00896,P0337,5,169.58,73
I02380,O00367,P0428,5,1755.91,100
I02381,O00280,P0489,1,2084.76,91
I02382,O00874,P0476,4,537.65,54
I02383,O00114,P0057,1,7590.4,6
I02384,O00235,P0156,2,552.03,61
I02385,O00355,P0388,3,1476.92,93
I02386,O00546,P0196,4,3712.77,70
I02387,O00651,P0412,3,825.94,33
I02388,O00131,P0308,5,971.25,71
I02389,O00900,P0148,2,5565.64,96
I02390,O00693,P0296,3,9682.23,32
I02391,O00293,P0254,3,4620.71,43
I02392,O00866,P0110,2,2850.71,14
I02393,O00158,P0414,2,6587.12,57
I02394,O00630,P0229,3,6796.3,93
I02395,O00636,P0465,4,1383.54,10
I02396,O00793,P0007,4,474.48,26
I02397,O00661,P0233,2,2785.77,95
I02398,O00032,P0136,2,4978.92,71
I02399,O00174,P0174,5,3358.44,60
I02400,O00671,P0003,3,7066.86,8
I02401,O00986,P0124,5,5261.39,5
I02402,O00651,P0003,3,5671.44,49
I02403,O00236,P0303,5,4937.94,69
I02404,O00274,P0063,5,973.72,29
I02405,O00903,P0495,3,6295.33,4
I02406,O00733,P0340,1,6860.22,56
I02407,O00527,P0440,4,5608.33,54
I02408,O00286,P0072,3,4041.9,85
I02409,O00438,P0032,3,2673.38,68
I02410,O00901,P0042,2,1660.13,8
I02411,O00223,P0431,4,792.12,100
I02412,O00658,P0124,5,6834.64,96
I02413,O00611,P0426,3,3519.53,68
I02414,O00525,P0495,4,7760.12,68
I02415,O00582,P0221,4,2965.76,75
I02416,O00159,P0119,5,5374.21,97
I02417,O00323,P0495,5,7019.13,89
I02418,O00108,P0428,2,1576.93,57
I02419,O00239,P0406,2,5015.05,11
I02420,O00987,P0410,5,3379.99,32
I02421,O00927,P0287,2,2929.75,71
I02422,O00167,P0199,2,2495.54,30
I02423,O00155,P0416,5,4251.9,82
I02424,O00402,P0388,5,1648.98,20
I02425,O00177,P0392,5,5200.56,65
I02426,O00571,P0102,1,9263.11,21
I02427,O00836,P0245,2,2142.26,23
I02428,O00003,P0208,2,3091.29,88
I02429,O00445,P0361,5,4050.34,5
I02430,O00647,P0217,1,7402.21,71
I02431,O00125,P0461,4,4207.74,10
I02432,O00393,P0456,3,1363.3,36
I02433,O00241,P0226,1,878.26,37
I02434,O00657,P0144,3,464.11,75
I02435,O00806,P0227,5,7589.62,53
I02436,O00200,P0422,5,3147.0,52
I02437,O00693,P0436,5,2553.61,4
I02438,O00792,P0293,1,4196.65,58
I02439,O00004,P0465,4,1126.47,35
I02440,O00603,P0024,3,2720.86,9
I02441,O00706,P0011,-3,2897.7,55
I02442,O00095,P0164,4,1888.9,82
I02443,O00307,P0065,4,2293.8,90
I02444,O00914,P0342,1,1140.34,28
I02445,O00458,P0024,-3,2996.89,12
I02446,O00945,P0223,4,8182.07,34
I02447,O00536,P0117,5,2457.63,47
I02448,O00441,P0119,5,4187.89,25
I02449,O00387,P0257,3,3359.63,72
I02450,O00164,P0361,5,4073.13,58
I02451,O00553,P0137,1,5999.41,71
I02452,O00580,P0118,5,430.22,67
I02453,O00075,P0299,4,1749.4,47
I02454,O00372,P0157,5,270.85,9
I02455,O00387,P0029,5,2684.68,76
I02456,O00966,P0278,2,5548.64,55
I02457,O00987,P0325,3,2687.52,73
I02458,O00192,P0029,5,3453.63,38
I02459,O00006,P0154,1,5989.25,73
I02460,O00964,P0317,3,4254.83,59
I02461,O00322,P0177,3,6075.33,15
I02462,O00298,P0279,4,8314.71,85
I02463,O00395,P0469,2,5461.31,100
I02464,O00690,P0317,1,6634.77,82
I02465,O00095,P0107,5,716.09,75
I02466,O00447,P0472,4,1716.49,20
I02467,O00489,P0356,2,5326.68,75
I02468,O00831,P0301,1,3740.73,33
I02469,O00136,P0051,3,3281.95,70
I02470,O00382,P0207,3,3292.21,5
I02471,O00518,P0123,3,5700.15,73
I02472,O00891,P0489,2,1986.11,0
I02473,O00752,P0421,-5,2891.03,80
I02474,O00722,P0485,4,1474.11,52
I02475,O00471,P0441,3,589.66,17
I02476,O00482,P0291,3,4336.34,64
I02477,O00626,P0229,2,5301.16,92
I02478,O00092,P0132,-3,2897.22,83
I02479,O00706,P0465,5,1049.89,57
I02480,O00430,P0239,2,1090.09,69
I02481,O00068,P0104,-3,4404.39,44
I02482,O00772,P0109,5,4616.2,11
I02483,O00999,P0326,1,2623.96,22
I02484,O00112,P0316,4,966.59,84
I02485,O00438,P0284,1,4879.94,5
I02486,O00837,P0135,3,8893.89,56
I02487,O00140,P0359,1,6115.2,4
I02488,O00441,P0420,4,1726.02,87
I02489,O00496,P0066,-1,4890.76,89
I02490,O00588,P0162,1,7052.09,71
I02491,O00233,P0062,3,4939.58,18
I02492,O00424,P0361,5,4590.75,73
I02493,O00423,P0483,2,6529.96,76
I02494,O00484,P0263,3,7523.07,52
I02495,O00813,P0029,1,4188.19,18
I02496,O00319,P0481,4,3686.37,10
I02497,O00743,P0261,2,700.3,4
I02498,O00158,P0078,3,5019.38,71
I02499,O00702,P0455,5,4487.87,59
I02500,O00903,P0250,3,6165.93,93
I02501,O00537,P0376,3,1891.56,30
I02502,O00156,P0459,3,2923.27,7
I02503,O00559,P0445,4,3056.58,95
I02504,O00603,P0165,4,445.19,91
I02505,O00954,P0369,3,2682.83,24
I02506,O00182,P0471,5,5462.22,29
I02507,O00817,P0404,4,4531.87,38
I02508,O00554,P0100,4,4476.69,42
I02509,O00455,P0002,1,8338.39,90
I02510,O00460,P0040,1,1421.07,45
I02511,O00407,P0063,1,728.66,72
I02512,O00010,P0201,2,5250.17,69
I02513,O00333,P0332,3,2984.17,63
I02514,O00683,P0468,3,6053.03,13
I02515,O00086,P0120,2,8532.96,59
I02516,O00098,P0470,5,4260.92,87
I02517,O00825,P0283,1,4845.19,56
I02518,O00720,P0217,4,5694.3,81
I02519,O00636,P0467,1,1884.3,29
I02520,O00955,P0173,3,2444.53,10
I02521,O00915,P0192,2,2960.38,17
I02522,O00322,P0116,2,4819.47,72
I02523,O00061,P0082,3,2122.8,53
I02524,O00114,P0313,1,2208.62,92
I02525,O00356,P0040,2,1688.56,83
I02526,O00649,P0073,5,2172.35,43
I02527,O00045,P0047,1,2535.6,63
I02528,O00722,P0420,1,1343.54,16
I02529,O00051,P0112,4,5621.43,90
I02530,O00660,P0477,5,445.93,29
I02531,O00403,P0411,1,4391.98,86
I02532,O00312,P0152,5,2308.21,1
I02533,O00593,P0402,2,3951.89,35
I02534,O00033,P0093,3,7062.75,54
I02535,O00716,P0176,1,4128.75,36
I02536,O00308,P0066,1,6116.01,12
I02537,O00345,P0233,2,3142.98,78
I02538,O00368,P0006,2,836.3,96
I02539,O00703,P0111,2,3194.92,18
I02540,O00073,P0281,1,5166.84,52
I02541,O00592,P0280,4,5497.92,2
I02542,O00966,P0436,4,2710.84,70
I02543,O00397,P0011,1,4430.86,61
I02544,O00713,P0387,3,1490.37,61
I02545,O00697,P0376,5,1283.35,27
I02546,O00296,P0050,2,4156.19,89
I02547,O00022,P0373,3,1560.25,62
I02548,O00869,P0145,4,7406.05,42
I02549,O00165,P0049,-3,7281.95,1
I02550,O00389,P0412,1,911.62,16
I02551,O00109,P0491,4,1317.93,32
I02552,O00643,P0097,2,3967.62,73
I02553,O00227,P0439,2,2310.88,12
I02554,O00807,P0226,-1,519.58,5
I02555,O00048,P0256,4,6442.77,0
I02556,O00424,P0346,5,6634.52,31
I02557,O00925,P0459,1,2382.3,49
I02558,O00814,P0008,4,2702.12,0
I02559,O00343,P0072,3,5968.18,58
I02560,O00577,P0125,3,5419.2,69
I02561,O00580,P0469,4,6235.39,11
I02562,O00608,P0155,2,774.33,39
I02563,O00237,P0119,2,5548.8,30
I02564,O00904,P0365,4,784.63,1
I02565,O00363,P0181,2,2977.27,9
I02566,O00475,P0069,3,7071.67,88
I02567,O00930,P0450,5,1311.55,11
I02568,O00232,P0034,3,4199.42,70
I02569,O00442,P0169,1,3287.73,21
I02570,O00623,P0179,1,5047.77,21
I02571,O00933,P0259,1,6940.6,15
I02572,O00501,P0342,5,1001.19,87
I02573,O00445,P0431,3,629.24,14
I02574,O00549,P0011,5,3641.03,70
I02575,O00603,P0263,5,7957.2,72
I02576,O00482,P0143,4,2416.93,88
I02577,O00530,P0155,1,492.06,6
I02578,O00491,P0421,3,3993.79,89
I02579,O00069,P0256,5,7223.71,48
I02580,O00521,P0249,5,5458.67,61
I02581,O00283,P0030,2,1685.94,39
I02582,O00527,P0075,1,3566.47,92
I02583,O00056,P0464,4,2856.98,27
I02584,O00131,P0363,5,2572.86,29
I02585,O00160,P0276,2,1849.05,11
I02586,O00286,P0470,3,4386.67,93
I02587,O00881,P0256,2,7131.51,14
I02588,O00977,P0426,1,5698.97,73
I02589,O00718,P0032,5,2582.69,16
I02590,O00650,P0224,1,4716.85,6
I02591,O00713,P0433,3,1127.34,16
I02592,O00510,P0076,2,5850.0,16
I02593,O00736,P0354,1,3793.72,99
I02594,O00428,P0012,2,1884.87,6
I02595,O00202,P0213,4,816.75,7
I02596,O00610,P0496,3,2798.09,56
I02597,O00408,P0470,4,4966.85,12
I02598,O00136,P0196,5,5816.57,87
I02599,O00613,P0168,1,2354.96,87
I02600,O00388,P0472,1,2407.14,5
I02601,O00979,P0359,2,7539.99,15
I02602,O00863,P0037,1,4949.35,69
I02603,O00397,P0058,3,367.01,19
I02604,O00890,P0335,5,5450.05,15
I02605,O00514,P0159,4,1989.24,51
I02606,O00993,P0368,5,3406.28,50
I02607,O00899,P0087,4,2829.76,49
I02608,O00953,P0479,2,623.66,73
I02609,O00371,P0490,5,2658.01,38
I02610,O00782,P0064,5,6981.21,38
I02611,O00442,P0134,1,2347.59,25
I02612,O00194,P0281,3,7981.88,72
I02613,O00310,P0182,4,1103.55,48
I02614,O00133,P0118,2,663.92,49
I02615,O00855,P0366,2,4618.65,37
I02616,O00805,P0094,2,707.77,17
I02617,O00569,P0123,3,8105.11,34
I02618,O00528,P0078,2,6608.58,81
I02619,O00505,P0235,1,5292.97,76
I02620,O00638,P0011,5,4917.91,18
I02621,O00930,P0292,2,8603.63,10
I02622,O00390,P0003,5,5948.92,25
I02623,O00246,P0029,5,4546.87,92
I02624,O00998,P0068,3,8193.5,46
I02625,O00242,P0143,1,2516.81,33
I02626,O00036,P0086,2,6945.07,30
I02627,O00855,P0084,1,491.44,85
I02628,O00029,P0042,5,1672.95,92
I02629,O00479,P0225,3,631.39,49
I02630,O00512,P0339,5,3784.86,58
I02631,O00917,P0186,4,7481.56,34
I02632,O00370,P0495,3,9020.93,55
I02633,O00878,P0168,3,2680.23,49
I02634,O00392,P0437,5,7765.67,8
I02635,O00288,P0244,4,1987.51,22
I02636,O00023,P0206,3,6134.77,1
I02637,O00859,P0437,5,7675.28,39
I02638,O00350,P0303,5,4492.3,51
I02639,O00806,P0443,5,3315.36,73
I02640,O00865,P0232,4,4612.21,14
I02641,O00891,P0034,-2,4778.91,17
I02642,O00735,P0449,2,6844.27,15
I02643,O00126,P0442,3,2838.55,36
I02644,O00977,P0393,1,424.31,69
I02645,O00812,P0064,5,7378.19,53
I02646,O00325,P0138,1,4658.2,27
I02647,O00423,P0208,1,3599.81,98
I02648,O00985,P0313,4,3016.16,2
I02649,O00703,P0282,1,5307.61,63
I02650,O00942,P0237,5,5006.37,15
I02651,O00563,P0152,1,1930.78,71
I02652,O00215,P0065,3,1739.76,84
I02653,O00181,P0500,3,5795.16,64
I02654,O00865,P0127,4,4251.05,86
I02655,O00510,P0166,4,5004.22,20
I02656,O00421,P0077,1,7566.51,94
I02657,O00456,P0364,2,1297.66,16
I02658,O00699,P0411,5,4496.89,24
I02659,O00115,P0417,2,1364.56,7
I02660,O00645,P0138,1,4247.55,19
I02661,O00065,P0165,4,313.57,47
I02662,O00675,P0173,3,3619.05,4
I02663,O00496,P0107,1,813.01,22
I02664,O00191,P0296,2,6890.41,84
I02665,O00028,P0189,2,2503.14,29
I02666,O00127,P0420,5,1892.92,27
I02667,O00643,P0141,4,3869.61,63
I02668,O00204,P0263,2,5084.89,48
I02669,O00727,P0082,5,2370.06,99
I02670,O00739,P0190,4,5220.24,82
I02671,O00647,P0126,2,1839.1,100
I02672,O00737,P0374,2,2085.63,78
I02673,O00881,P0379,3,7002.53,27
I02674,O00155,P0160,2,6848.22,98
I02675,O00631,P0286,4,4592.33,66
I02676,O00002,P0045,5,6581.33,60
I02677,O00231,P0168,2,2425.95,54
I02678,O00359,P0460,4,8722.37,60
I02679,O00051,P0456,4,1197.45,58
I02680,O00399,P0451,1,3615.9,100
I02681,O00827,P0224,1,4553.7,25
I02682,O00015,P0278,4,7262.64,19
I02683,O00661,P0312,4,3618.58,70
I02684,O00572,P0349,2,5574.67,80
I02685,O00987,P0458,2,4063.45,85
I02686,O00781,P0001,4,4668.05,33
I02687,O00333,P0032,4,3488.84,33
I02688,O00994,P0264,2,1993.2,88
I02689,O00166,P0047,2,2493.43,65
I02690,O00773,P0100,1,6451.19,32
I02691,O00687,P0074,2,3399.2,72
I02692,O00681,P0052,2,450.77,80
I02693,O00982,P0384,2,4060.59,7
I02694,O00910,P0349,4,5399.1,43
I02695,O00051,P0442,2,2795.21,31
I02696,O00251,P0070,4,5553.46,82
I02697,O00279,P0494,1,6716.11,62
I02698,O00242,P0251,3,5282.48,85
I02699,O00573,P0450,3,1708.73,98
I02700,O00332,P0109,1,2914.54,84
I02701,O00395,P0002,1,5418.92,84
I02702,O00294,P0045,1,8223.4,29
I02703,O00485,P0087,5,2516.3,49
I02704,O00284,P0374,1,2630.94,5
I02705,O00583,P0336,3,4928.07,22
I02706,O00439,P0181,1,3757.42,34
I02707,O00785,P0231,1,3336.47,43
I02708,O00018,P0337,3,233.49,85
I02709,O00385,P0183,1,7474.03,27
I02710,O00561,P0148,5,6483.91,23
I02711,O00001,P0466,1,3335.36,2
I02712,O01000,P0417,3,1255.13,1
I02713,O00668,P0067,1,2086.19,17
I02714,O00076,P0134,1,3146.66,73
I02715,O00441,P0197,2,3424.86,79
I02716,O00581,P0070,4,8055.09,51
I02717,O00536,P0363,1,2362.99,9
I02718,O00915,P0491,2,1337.13,10
I02719,O00190,P0392,5,4048.71,83
I02720,O00029,P0136,4,5925.34,43
I02721,O00548,P0426,5,4822.93,83
I02722,O00243,P0247,5,2231.35,26
I02723,O00716,P0025,5,2931.83,25
I02724,O00646,P0200,1,2160.17,42
I02725,O00977,P0453,3,2071.63,92
I02726,O00187,P0285,5,1187.03,18
I02727,O00601,P0373,1,1644.91,3
I02728,O00388,P0493,3,215.49,36
I02729,O00819,P0389,5,9559.55,61
I02730,O00002,P0275,1,4285.22,71
I02731,O00317,P0444,4,7734.39,97
I02732,O00305,P0299,4,1979.13,75
I02733,O00907,P0484,4,719.65,53
I02734,O00356,P0348,2,5259.09,4
I02735,O00034,P0099,3,543.98,31
I02736,O00226,P0435,3,4173.61,4
I02737,O00999,P0143,5,2599.4,54
I02738,O00476,P0218,5,1542.44,14
I02739,O00141,P0154,5,5410.21,48
I02740,O00051,P0066,2,6340.46,75
I02741,O00184,P0207,4,3064.61,14
I02742,O00474,P0367,2,3256.15,26
I02743,O00081,P0208,4,5180.56,78
I02744,O00636,P0156,3,584.32,72
I02745,O00358,P0107,3,838.93,52
I02746,O00996,P0128,4,2165.05,33
I02747,O00315,P0429,3,5741.04,100
I02748,O00313,P0245,1,2934.11,50
I02749,O00604,P0349,5,4303.69,77
I02750,O00968,P0476,2,806.64,35
I02751,O00232,P0080,5,713.24,34
I02752,O00539,P0209,4,7232.53,84
I02753,O00230,P0210,5,3970.92,42
I02754,O00620,P0451,5,3844.82,92
I02755,O00686,P0141,2,4118.87,82
I02756,O00957,P0075,5,3911.25,31
I02757,O00009,P0420,2,2110.08,97
I02758,O00063,P0186,5,7368.8,14
I02759,O00491,P0065,4,1700.32,66
I02760,O00646,P0473,3,276.69,52
I02761,O00820,P0371,3,7379.49,99
I02762,O00011,P0046,2,3694.08,35
I02763,O00312,P0053,5,1827.08,8
I02764,O00229,P0186,2,6888.59,3
I02765,O00896,P0194,2,599.56,17
I02766,O00885,P0265,1,4368.69,50
I02767,O00610,P0297,3,7110.81,42
I02768,O00694,P0332,5,4628.37,0
I02769,O00995,P0414,5,6194.71,73
I02770,O00071,P0043,5,783.42,46
I02771,O00266,P0105,5,5484.01,50
I02772,O00075,P0063,4,762.08,69
I02773,O00907,P0214,5,2136.54,23
I02774,O00162,P0204,2,7042.55,94
I02775,O00255,P0044,2,4157.4,58
I02776,O00417,P0445,3,2637.07,13
I02777,O00680,P0123,1,7071.02,74
I02778,O00710,P0451,4,3749.64,84
I02779,O00554,P0051,4,5076.77,4
I02780,O00973,P0011,5,4280.06,90
I02781,O00288,P0061,2,4559.57,74
I02782,O00825,P0174,1,3085.69,82
I02783,O00293,P0430,4,298.68,33
I02784,O00310,P0447,2,952.31,40
I02785,O00550,P0131,1,1624.04,46
I02786,O00835,P0118,1,571.68,35
I02787,O00186,P0290,4,172.58,43
I02788,O00137,P0423,2,6272.85,19
I02789,O00010,P0035,5,501.0,17
I02790,O00111,P0498,3,463.36,1
I02791,O00203,P0395,-2,3456.58,59
I02792,O00709,P0500,4,4709.46,54
I02793,O00836,P0457,4,161.46,54
I02794,O00625,P0367,2,3647.18,96
I02795,O00767,P0175,3,4578.95,35
I02796,O00081,P0112,3,5649.66,22
I02797,O00570,P0160,2,7325.0,62
I02798,O00222,P0099,2,652.22,16
I02799,O00304,P0344,1,736.93,74
I02800,O00735,P0162,1,4866.44,20
I02801,O00903,P0098,2,888.48,56
I02802,O00266,P0333,4,6770.17,69
I02803,O00982,P0124,4,4740.87,60
I02804,O00267,P0101,4,3975.77,79
I02805,O00188,P0024,5,3649.33,6
I02806,O00555,P0226,4,600.54,56
I02807,O00481,P0441,2,783.08,43
I02808,O00066,P0218,5,1299.99,40
I02809,O00979,P0202,5,5059.37,88
I02810,O00777,P0149,3,1998.32,91
I02811,O00743,P0221,3,3229.52,31
I02812,O00193,P0479,4,758.99,98
I02813,O00103,P0380,1,5770.57,11
I02814,O00469,P0341,1,6931.36,5
I02815,O00705,P0121,2,5354.4,95
I02816,O00939,P0247,5,2285.64,9
I02817,O00884,P0077,4,7670.51,37
I02818,O00955,P0476,1,561.47,19
I02819,O00995,P0011,3,4207.64,32
I02820,O00326,P0425,3,5059.05,97
I02821,O00177,P0252,1,6014.32,63
I02822,O00256,P0232,4,3986.6,58
I02823,O00370,P0497,2,5428.17,19
I02824,O00181,P0322,2,3521.29,41
I02825,O00662,P0173,3,2632.26,24
I02826,O00002,P0407,2,209.89,25
I02827,O00302,P0051,2,3768.52,2
I02828,O00532,P0262,3,4217.27,76
I02829,O00013,P0151,5,6094.73,2
I02830,O00384,P0049,-2,7207.24,48
I02831,O00074,P0211,5,3922.09,40
I02832,O00459,P0223,2,6577.16,79
I02833,O00650,P0249,2,4816.49,20
I02834,O00425,P0377,5,6220.8,23
I02835,O00486,P0074,4,2518.21,21
I02836,O00581,P0381,2,5976.31,53
I02837,O00358,P0146,1,6617.27,18
I02838,O00670,P0191,5,994.78,92
I02839,O00293,P0124,2,4796.15,41
I02840,O00156,P0013,4,3884.38,40
I02841,O00447,P0010,5,4073.97,85
I02842,O00177,P0219,2,4402.35,92
I02843,O00977,P0149,3,1595.59,55
I02844,O00680,P0081,4,1538.81,65
I02845,O00565,P0085,1,3061.1,24
I02846,O00229,P0386,2,7049.63,97
I02847,O00588,P0250,1,5399.79,28
I02848,O00658,P0027,2,1687.06,19
I02849,O00178,P0013,1,4292.81,47
I02850,O00934,P0271,3,994.96,91
I02851,O00891,P0325,3,2403.85,53
I02852,O00412,P0140,5,1211.55,1
I02853,O00113,P0493,1,252.77,33
I02854,O00399,P0328,5,1632.33,39
I02855,O00690,P0210,2,3824.63,49
I02856,O00515,P0304,2,3984.82,63
I02857,O00492,P0491,4,1149.57,40
I02858,O00755,P0020,5,8210.41,81
I02859,O00892,P0306,4,2214.43,39
I02860,O00742,P0498,1,435.57,37
I02861,O00145,P0201,2,5599.33,55
I02862,O00198,P0144,2,301.16,39
I02863,O00168,P0459,1,3263.22,68
I02864,O00116,P0453,2,1795.66,62
I02865,O00582,P0400,5,4368.17,89
I02866,O00884,P0137,1,6657.26,19
I02867,O00609,P0324,4,2942.88,35
I02868,O00099,P0327,5,3232.13,65
I02869,O00563,P0003,2,4972.98,28
I02870,O00022,P0496,4,3773.83,95
I02871,O00064,P0111,2,2191.97,25
I02872,O00199,P0004,2,691.88,24
I02873,O00647,P0056,-1,724.29,22
I02874,O00543,P0224,3,6996.93,70
I02875,O00567,P0166,1,6753.72,53
I02876,O00798,P0237,5,6438.99,78
I02877,O00408,P0101,1,4267.51,55
I02878,O00775,P0407,2,181.81,31
I02879,O00570,P0352,2,925.67,26
I02880,O00395,P0220,5,8071.5,26
I02881,O00418,P0249,2,5436.93,10
I02882,O00117,P0428,5,2218.72,69
I02883,O00466,P0499,4,5702.67,55
I02884,O00796,P0215,5,1574.86,9
I02885,O00518,P0439,2,3041.01,25
I02886,O00157,P0233,2,1975.08,69
I02887,O00230,P0299,5,1733.13,23
I02888,O00746,P0047,4,2419.5,67
I02889,O00961,P0462,4,5113.42,89
I02890,O00918,P0136,1,6002.45,49
I02891,O00433,P0416,1,3825.81,92
I02892,O00172,P0308,3,886.71,68
I02893,O00670,P0478,5,6579.95,31
I02894,O00479,P0354,1,4899.37,52
I02895,O00516,P0019,1,240.99,45
I02896,O00874,P0025,5,2687.31,31
I02897,O00359,P0401,5,2662.81,22
I02898,O00842,P0340,1,6399.44,89
I02899,O00713,P0041,4,6102.52,51
I02900,O00175,P0310,5,544.21,45
I02901,O00142,P0179,5,4006.26,26
I02902,O00608,P0192,3,4055.71,20
I02903,O00617,P0347,3,2621.3,55
I02904,O00756,P0259,1,6040.29,17
I02905,O00024,P0174,5,2742.31,80
I02906,O00633,P0115,4,1390.71,75
I02907,O00449,P0181,3,3068.55,50
I02908,O00004,P0098,-4,988.68,76
I02909,O00697,P0264,4,1568.25,71
I02910,O00872,P0237,3,6462.14,51
I02911,O00522,P0136,3,4985.65,77
I02912,O00116,P0262,5,4001.32,31
I02913,O00532,P0260,3,7415.26,43
I02914,O00596,P0226,2,728.57,68
I02915,O00300,P0345,1,8907.74,68
I02916,O00324,P0382,1,3549.8,77
I02917,O00528,P0494,2,8414.31,1
I02918,O00122,P0193,3,4427.12,4
I02919,O00985,P0418,2,2292.35,50
I02920,O00617,P0197,4,3418.1,2
I02921,O00548,P0179,5,5327.67,45
I02922,O00227,P0230,5,2806.67,69
I02923,O00896,P0011,5,4313.42,5
I02924,O00683,P0290,3,210.43,70
I02925,O00755,P0297,2,7472.65,95
I02926,O00426,P0454,1,6286.04,30
I02927,O00984,P0452,1,7016.61,47
I02928,O00218,P0432,1,4239.25,44
I02929,O00413,P0337,4,172.54,99
I02930,O00209,P0278,5,5253.29,45
I02931,O00572,P0046,4,4331.06,72
I02932,O00555,P0382,2,5437.18,37
I02933,O00054,P0404,4,3669.95,61
I02934,O00544,P0149,1,1928.14,53
I02935,O00647,P0271,1,931.97,54
I02936,O00126,P0183,3,5230.07,34
I02937,O00993,P0204,3,4817.96,76
I02938,O00403,P0361,5,4314.72,85
I02939,O00573,P0213,3,1416.42,51
I02940,O00963,P0303,3,4023.96,18
I02941,O00933,P0457,2,205.14,76
I02942,O00141,P0324,4,2057.82,54
I02943,O00876,P0257,2,2683.51,77
I02944,O00221,P0079,1,1917.14,82
I02945,O00031,P0040,3,1142.39,39
I02946,O00311,P0475,4,1502.27,87
I02947,O00229,P0390,3,4236.95,41
I02948,O00844,P0234,2,2875.64,68
I02949,O00501,P0086,2,7018.65,17
I02950,O00357,P0295,3,4466.4,21
I02951,O00759,P0042,5,1542.22,16
I02952,O00953,P0331,2,4792.74,91
I02953,O00798,P0014,4,3795.46,81
I02954,O00436,P0049,4,7829.61,68
I02955,O00633,P0371,5,6403.49,41
I02956,O00176,P0166,3,4958.1,85
I02957,O00862,P0077,3,5878.61,91
I02958,O00119,P0121,3,6635.52,41
I02959,O00087,P0046,4,4878.74,7
I02960,O00542,P0203,3,5599.27,6
I02961,O00095,P0088,3,429.8,58
I02962,O00236,P0371,3,8110.49,81
I02963,O00145,P0045,2,6625.94,67
I02964,O00809,P0443,3,3168.4,15
I02965,O00720,P0106,3,4197.3,73
I02966,O00297,P0132,4,3511.25,77
I02967,O00237,P0029,2,3686.82,68
I02968,O00128,P0437,1,6228.45,53
I02969,O00071,P0401,1,2701.9,30
I02970,O00187,P0318,5,5048.47,4
I02971,O00548,P0063,5,1113.73,71
I02972,O00179,P0447,1,1133.49,60
I02973,O00848,P0207,-2,3424.69,23
I02974,O00321,P0429,3,4172.95,56
I02975,O00852,P0055,3,697.29,41
I02976,O00826,P0178,2,2268.8,6
I02977,O00885,P0295,1,4122.89,54
I02978,O00286,P0198,4,8588.53,63
I02979,O00454,P0265,1,5097.38,20
I02980,O00603,P0338,5,6252.79,39
I02981,O00406,P0278,2,5758.75,77
I02982,O00386,P0199,5,2649.6,55
I02983,O00350,P0450,3,1002.96,75
I02984,O00030,P0234,5,2694.8,14
I02985,O00568,P0046,1,4562.39,29
I02986,O00928,P0308,-5,1051.04,87
I02987,O00722,P0454,3,3724.12,76
I02988,O00298,P0204,4,6950.44,21
I02989,O00754,P0120,3,8306.48,99
I02990,O00770,P0450,5,1700.38,85
I02991,O00597,P0142,5,6679.78,21
I02992,O00380,P0251,5,8797.9,62
I02993,O00585,P0046,3,4586.46,66
I02994,O00760,P0075,2,3495.84,75
I02995,O00074,P0408,1,5311.97,74
I02996,O00624,P0376,4,1792.89,84
I02997,O00307,P0045,1,7634.16,24
I02998,O00463,P0445,5,3910.86,59
I02999,O00769,P0208,1,4499.84,38
I03000,O00831,P0308,3,953.55,34
