customer_id,customer_name,email,registration_date,customer_type
C0001,Brian Yang,johnsonjoshua@example.org,2025-11-29,REGULAR
C0002,Jonathan Johnson,garzaanthony@example.org,2024-06-08,REGULAR
C0003,Abigail Shaffer,lrobinson@example.com,2026-07-24,VIP
C0004,Gabrielle Davis,jpeterson@example.org,2024-01-02,VIP
C0005,Kimberly Dudley,melanie94@example.org,2025-03-15,REGULAR
C0006,Heidi Lee,arnoldmaria@example.net,2023-11-21,REGULAR
C0007,Sharon James,stanleykendra@example.org,2025-07-09,REGULAR
C0008,Timothy Wong,francisco53@example.net,2026-03-08,VIP
C0009,William Bowman,amandasanchez@example.com,2025-12-17,REGULAR
C0010,Andrew Stewart,gabriellecameron@example.org,2024-09-23,VIP
C0011,Matthew Foster,clarksherri@example.net,2026-04-29,REGULAR
C0012,Kimberly Burgess,ithomas@example.org,2025-05-31,PREMIUM
C0013,Peter Callahan Jr.,icox@example.net,2024-04-09,REGULAR
C0014,Julie King,ycarlson@example.com,2025-12-11,REGULAR
C0015,Patricia Peterson,frazierdanny@example.net,2024-11-02,PREMIUM
C0016,Deborah Mason,amoore@example.net,2024-05-08,REGULAR
C0017,Christina Brooks,harrellkenneth@example.net,2024-04-11,PREMIUM
C0018,Sherry Decker,georgetracy@example.org,2024-11-24,PREMIUM
C0019,John Jones,brianhumphrey@example.org,2025-11-09,PREMIUM
C0020,Joseph Obrien,davidalvarez@example.net,2024-06-29,REGULAR
C0021,Jessica Holmes,jenniferross@example.net,2024-02-08,VIP
C0022,Leah Smith,jeffreymorgan@example.net,2026-04-11,PREMIUM
C0023,David Caldwell,perezrebecca@example.com,2024-07-02,PREMIUM
C0024,Richard Aguirre,jenniferkhan@example.net,2024-05-26,VIP
C0025,Scott Brown,davisryan@example.com,2026-05-16,PREMIUM
C0026,Connor West,brownjessica@example.org,2025-05-21,VIP
C0027,Scott Pierce,joshuawright@example.org,2023-10-22,VIP
C0028,John Lewis,novaksara@example.org,2025-04-18,PREMIUM
C0029,Richard Gibson,martinaaron@example.com,2025-05-23,REGULAR
C0030,Lauren Daniels,smoore@example.org,2024-12-04,PREMIUM
C0031,Tyler Miller,williamsthomas@example.net,2024-05-19,VIP
C0032,Todd Hudson,larsonemma@example.org,2026-01-20,REGULAR
C0033,Emily Green,harveyrobert@example.net,2026-06-10,REGULAR
C0034,Joyce Hickman,john62@example.net,2023-11-25,VIP
C0035,Daniel Baker,ellisyolanda@example.org,2025-01-28,VIP
C0036,Joshua Turner,suarezmike@example.org,2026-05-16,VIP
C0037,Shawn Baker,contrerasangela@example.net,2024-01-18,VIP
C0038,Michael Farrell,josephjacobs@example.net,2025-09-28,PREMIUM
C0039,Sandra Williams,dking@example.org,2025-01-04,VIP
C0040,Michael Hoffman,danagreen@example.net,2024-01-25,REGULAR
C0041,Sandra Aguilar,landryhannah@example.org,2024-03-22,REGULAR
C0042,Rebecca Valencia,tanderson@example.com,2025-02-10,REGULAR
C0043,Stacey Russell,evelynestrada@example.com,2026-03-26,PREMIUM
C0044,Rita Keith,sarayoung@example.org,2023-09-12,REGULAR
C0045,Sharon Cochran,jillcook@example.com,2024-09-22,VIP
C0046,Courtney Velasquez,kristinrodriguez@example.org,2025-07-20,PREMIUM
C0047,Jennifer Ramirez,kevin33@example.org,2023-11-20,PREMIUM
C0048,Ms. Teresa Wilson,michael86@example.net,2024-09-13,VIP
C0049,Jeffrey Chandler,beverlyterrell@example.org,2024-12-04,PREMIUM
C0050,Kenneth Scott,gobrien@example.org,2025-06-12,VIP
C0051,Natalie Lambert,meyerlindsay@example.net,2025-02-20,PREMIUM
C0052,Mary Martinez,qjones@example.com,2024-11-13,PREMIUM
C0053,Cameron Fisher,elizabeth56@example.net,2025-03-15,PREMIUM
C0054,Elizabeth Clark,christinaturner@example.net,2026-01-21,REGULAR
C0055,Steven Flynn,steven73@example.net,2024-04-24,REGULAR
C0056,Robert Potter,campbellelizabeth@example.net,2026-06-15,REGULAR
C0057,William Carr,jeffrey32@example.org,2023-11-26,REGULAR
C0058,Michael Snyder,operry@example.net,2024-08-18,PREMIUM
C0059,Colleen Brock,dianasmith@example.org,2026-07-21,PREMIUM
C0060,Robert Contreras,pwilliams@example.org,2025-12-20,PREMIUM
C0061,Jessica Meadows,stephanie79@example.net,2025-06-27,VIP
C0062,Sara Ramirez,juliawells@example.com,2025-10-22,REGULAR
C0063,Dustin Nelson,rsims@example.com,2024-12-13,REGULAR
C0064,Daniel Perry,taylorjesse@example.net,2024-12-31,VIP
C0065,Randy Shah,nperry@example.com,2023-09-04,VIP
C0066,Sarah Ashley,wwoods@example.com,2025-05-16,PREMIUM
C0067,George Shelton,tracynelson@example.com,2025-04-24,PREMIUM
C0068,Susan Vargas,marycalhounexample.net,2026-05-30,VIP
C0069,David Murphy,millerroy@example.com,2025-07-11,PREMIUM
C0070,Bradley Smith,matthew64@example.com,2025-11-19,REGULAR
C0071,Tyler Williams,cookemichael@example.net,2023-09-22,REGULAR
C0072,John Wilson,jamessmith@example.org,2024-07-08,PREMIUM
C0073,Lawrence Adkins,xlyons@example.com,2024-01-29,VIP
C0074,Laura Odonnell,tamirodriguez@example.org,2025-03-10,REGULAR
C0075,Sandra Sanchez,mdavid@example.org,2026-07-23,REGULAR
C0076,Hannah Patterson,melissa91@example.net,2025-03-02,VIP
C0077,Ashley Yu,huntermatthew@example.com,2026-04-18,VIP
C0078,Tracie Nelson,bzimmerman@example.org,2025-11-18,REGULAR
C0079,Samuel Rivas,umarshall@example.net,2023-12-17,PREMIUM
C0080,Jamie Johnson,nicole37@example.net,2024-12-21,PREMIUM
C0081,Spencer Haynes,tonykelly@example.com,2024-10-07,REGULAR
C0082,Katherine Chang,blackjames@example.org,2026-07-12,REGULAR
C0083,Anna Walker,fbrewer@example.com,2026-07-14,PREMIUM
C0084,Hailey Barajas,kevinperkins@example.com,2025-12-06,VIP
C0085,Bryan Lee,michael74@example.com,2024-02-06,REGULAR
C0086,Vanessa Warren,jamesrodgers@example.com,2024-10-17,VIP
C0087,Adrian Ferguson,wallkenneth@example.com,2024-10-04,VIP
C0088,Margaret Mullins,mccannangela@example.net,2024-01-11,PREMIUM
C0089,Vincent King,andrewstaylor@example.com,2025-08-16,VIP
C0090,Melissa Hernandez,shortrichard@example.org,2025-12-26,VIP
C0091,Lisa Gibbs,christopher31@example.net,2024-07-20,PREMIUM
C0092,Wanda Torres,chayes@example.com,2026-03-26,VIP
C0093,Deborah Miller,lynchjody@example.org,2024-08-11,PREMIUM
C0094,Kirk Carter,andreamoore@example.com,2024-07-29,PREMIUM
C0095,Dennis Moody,jasmine71@example.net,2026-02-06,REGULAR
C0096,Derek Thomas,ronaldstephens@example.net,2023-11-05,REGULAR
C0097,Jessica Harrison,lauralarson@example.net,2024-11-19,REGULAR
C0098,Bobby Williams MD,gbender@example.net,2024-12-17,REGULAR
C0099,Yvonne Chambers,anthony39@example.net,2024-09-26,VIP
C0100,Sydney White,hinesgregory@example.net,2026-01-30,REGULAR
C0101,Jason Morris,fwalters@example.org,2024-01-14,PREMIUM
C0102,Jennifer Hodges,marksteele@example.com,2023-10-01,REGULAR
C0103,Raymond Hancock,qmiller@example.com,2023-08-06,PREMIUM
C0104,Peter Garrett,mgutierrez@example.net,2023-10-24,REGULAR
C0105,Michael Martinez,josephanderson@example.com,2026-04-09,VIP
C0106,Anna Gay,jennifercollins@example.org,2024-01-28,REGULAR
C0107,Dr. Jordan Hill PhD,pvalentine@example.org,2025-08-07,PREMIUM
C0108,Katie Suarez,stephenthomas@example.org,2023-11-21,REGULAR
C0109,Aaron Barber,kendra65@example.net,2026-02-01,PREMIUM
C0110,Mr. Phillip Bennett,cgrimes@example.net,2024-12-16,PREMIUM
C0111,Reginald Williams,tinaallen@example.com,2025-08-08,REGULAR
C0112,Mrs. Amanda Shaw,qhughes@example.net,2026-02-06,VIP
C0113,Alexis Thomas,molly71@example.net,2026-05-18,PREMIUM
C0114,Michael Santos,charlesharrington@example.com,2024-12-27,REGULAR
C0115,Katherine Weaver,ofinley@example.net,2026-03-21,REGULAR
C0116,Nicole Hamilton MD,younggabrielle@example.com,2026-04-15,REGULAR
C0117,Robert Carter,wallaceheather@example.org,2025-03-09,PREMIUM
C0118,Rebecca Jackson,hthomas@example.com,2023-12-05,REGULAR
C0119,Briana Murray,pharvey@example.com,2024-09-02,VIP
C0120,Megan Moore,ascott@example.com,2025-06-21,VIP
C0121,Ryan Gonzalez,vanessa46@example.net,2025-03-24,REGULAR
C0122,Edward Lyons,yrodriguez@example.net,2023-09-08,REGULAR
C0123,Valerie Lozano,khill@example.net,2025-09-14,PREMIUM
C0124,Connor King,kimberly39@example.com,2026-05-25,PREMIUM
C0125,Richard Johnson,courtneyberger@example.net,2025-02-21,REGULAR
C0126,Curtis Buchanan,christopherphillips@example.net,2025-02-23,PREMIUM
C0127,Gina Wilson,maria47@example.com,2023-11-29,PREMIUM
C0128,Veronica Coffey,karenperez@example.net,2025-12-17,VIP
C0129,Jordan Chambers,christopher60@example.com,2026-06-14,VIP
C0130,Alexander Henson,brenda51@example.net,2025-12-24,PREMIUM
C0131,Susan Turner,rose31@example.net,2025-04-30,PREMIUM
C0132,Audrey Young DDS,taylorsophia@example.com,2025-03-30,REGULAR
C0133,Jennifer Newton,vwatson@example.net,2024-04-01,VIP
C0134,Trevor Johnson,fpena@example.net,2025-03-02,PREMIUM
C0135,Michael Stephens,scottsampson@example.com,2026-05-02,VIP
C0136,Samantha Davis,bruce43@example.org,2024-06-29,VIP
C0137,Christine Gallegos,williamsmatthew@example.org,2025-12-12,VIP
C0138,Charles Lester,brendali@example.org,2023-08-09,REGULAR
C0139,Christopher Guerrero,michele22@example.net,2023-09-14,REGULAR
C0140,Alexis Baker,alexistyler@example.org,2024-02-17,REGULAR
C0141,Richard Palmer,vfox@example.org,2024-01-21,VIP
C0142,Susan Hopkins,ngordon@example.org,2024-11-15,VIP
C0143,Dr. Jessica Rodriguez DDS,bschneider@example.org,2025-06-24,REGULAR
C0144,Donald Schultz,lammarc@example.org,2025-12-03,VIP
C0145,Larry Garcia,oscar98@example.com,2026-07-30,PREMIUM
C0146,Cindy Hayes,farrelldebra@example.net,2024-07-24,REGULAR
C0147,Brandon Simmons,dmorgan@example.com,2026-06-03,PREMIUM
C0148,Bradley Reynolds,nicholas27@example.org,2025-03-05,PREMIUM
C0149,Meagan Jenkins,angelawillis@example.net,2026-06-03,VIP
C0150,Lindsay Bell,uparrish@example.org,2026-01-18,PREMIUM
C0151,Justin Wilson,ericolson@example.org,2024-10-10,REGULAR
C0152,Maria Johnson,lindsaybruceexample.net,2026-05-22,VIP
C0153,Christopher Thomas,anthony44@example.com,2026-05-22,REGULAR
C0154,Anna Moreno,vjones@example.net,2025-03-11,REGULAR
C0155,Frederick Pugh,kchavez@example.com,2026-02-16,REGULAR
C0156,Brad Ramos,wareeric@example.net,2025-05-24,REGULAR
C0157,Jose Reed,alawson@example.com,2024-01-24,PREMIUM
C0158,Amber Foster,erika97@example.net,2026-02-21,PREMIUM
C0159,Pamela Roberts,smithkevin@example.org,2024-02-07,VIP
C0160,Michael Mason,jimenezryan@example.org,2026-06-07,VIP
C0161,Blake Edwards,charles06@example.org,2025-06-01,VIP
C0162,Alex Nguyen,amckinney@example.com,2026-03-22,PREMIUM
C0163,Brian Graham,xcollier@example.org,2025-04-18,REGULAR
C0164,Richard Jones,fosterkyle@example.com,2026-04-14,REGULAR
C0165,Tyler Brewer,schmidtjames@example.com,2024-03-21,REGULAR
C0166,Paige Rios,curtisscott@example.org,2024-05-06,REGULAR
C0167,Thomas Cunningham,kmarshall@example.net,2026-04-17,VIP
C0168,Jeremy Turner,michelle52@example.com,2024-10-04,PREMIUM
C0169,Anthony Decker,bellcharles@example.com,2023-12-02,VIP
C0170,Tiffany Stevenson,gilbertwilliam@example.com,2023-10-07,VIP
C0171,Larry Mason,kstout@example.net,2023-11-09,REGULAR
C0172,Matthew Williams,vgarcia@example.net,2025-06-15,PREMIUM
C0173,Thomas Hughes,nwarren@example.org,2025-01-11,REGULAR
C0174,Justin Hughes,mccormickdeborahexample.org,2024-08-30,REGULAR
C0175,Emily Douglas,mathewaguilar@example.org,2026-05-29,PREMIUM
C0176,James Conner,tanderson@example.org,2024-02-19,PREMIUM
C0177,Eric Bean,lucasrodney@example.com,2025-01-16,PREMIUM
C0178,Ryan Garcia,ilee@example.org,2025-11-20,REGULAR
C0179,James Martin,stanleynancy@example.net,2026-07-16,VIP
C0180,Cynthia Wallace,jenniferwilliams@example.com,2024-10-20,VIP
C0181,Rachel Mckee,pyoung@example.com,2024-06-01,PREMIUM
C0182,Paula Shaw,erika97@example.com,2025-05-16,REGULAR
C0183,Amy Castillo,lisasolis@example.org,2025-03-03,REGULAR
C0184,Phillip Nelson,dawsonzachary@example.org,2025-10-10,REGULAR
C0185,Stacey Arias,mariahdavis@example.org,2025-05-10,REGULAR
C0186,Jade Johnson DVM,sandersnathaniel@example.com,2026-05-10,VIP
C0187,Kaitlyn Guerra,lacey20@example.com,2025-08-02,VIP
C0188,Ruben Dunn,fgilbert@example.org,2026-03-07,PREMIUM
C0189,Anthony Barnes,srodriguez@example.org,2026-03-29,VIP
C0190,Lynn Andrews,fbrown@example.net,2024-03-15,REGULAR
C0191,Chelsea Barnett,ruben95@example.org,2025-10-26,REGULAR
C0192,Katie Smith,carlos88@example.net,2025-08-04,REGULAR
C0193,Heather Jones,reidtina@example.com,2024-08-13,PREMIUM
C0194,Harold Morgan,ingramjill@example.com,2026-04-29,PREMIUM
C0195,Clarence Taylor,mariacohen@example.net,2025-07-15,VIP
C0196,Emily Collins,carterbradley@example.org,2025-04-14,PREMIUM
C0197,Howard Norman,wking@example.net,2026-05-19,VIP
C0198,Stephanie Hughes,joshua56@example.com,2024-05-21,REGULAR
C0199,Bradley Coleman,xholt@example.net,2025-06-03,REGULAR
C0200,Edward Griffin,amymorris@example.org,2025-05-27,PREMIUM
C0201,Susan Mendez,hannahbell@example.org,2025-06-10,REGULAR
C0202,Heidi Owen,danielle01@example.net,2026-06-25,VIP
C0203,Jessica Martinez,stephaniethomas@example.net,2024-08-05,PREMIUM
C0204,Jerry Watson,michael90@example.net,2025-06-24,REGULAR
C0205,Donald Horne,berryalyssa@example.com,2023-09-14,PREMIUM
C0206,Reginald Padilla,victorhughes@example.net,2024-07-03,VIP
C0207,Benjamin Thompson,heather73@example.org,2025-06-26,VIP
C0208,Michelle Pierce,cochrantammy@example.com,2024-10-29,REGULAR
C0209,William Conner,melissa25@example.net,2024-08-06,PREMIUM
C0210,Robert Arnold,jjohnson@example.net,2026-03-12,PREMIUM
C0211,Kelly Hammond,jonesraymond@example.net,2026-01-14,VIP
C0212,Michael Cooper,martinezlogan@example.org,2025-12-08,VIP
C0213,Amy Martinez,katrinaanderson@example.net,2024-03-29,PREMIUM
C0214,Kelly Campbell,fred53@example.com,2023-12-05,VIP
C0215,Lisa Davis,james84@example.org,2026-04-26,VIP
C0216,Michelle Jacobs,brittanycarpenter@example.org,2025-12-27,REGULAR
C0217,Patricia Baker,bryananthony@example.org,2024-06-27,REGULAR
C0218,Kimberly May,bmontgomery@example.com,2024-11-16,VIP
C0219,Jesse Barker,zsanchez@example.net,2024-04-06,VIP
C0220,Charles Hensley,dperry@example.org,2024-12-13,REGULAR
C0221,Emma Owens,theresa25@example.net,2024-09-23,REGULAR
C0222,James Gilbert,gwright@example.org,2024-08-24,PREMIUM
C0223,Phillip Jimenez,lisapeck@example.net,2025-10-12,VIP
C0224,Tony Wagner,tjimenez@example.com,2024-08-12,VIP
C0225,Stephen Pena MD,brandywilliams@example.com,2025-11-15,VIP
C0226,Pamela Diaz,booneryan@example.com,2025-04-18,PREMIUM
C0227,James Cole,hudsonjames@example.net,2025-12-06,VIP
C0228,Brent Brooks,marcia99@example.org,2025-01-12,REGULAR
C0229,Andrew Williams,kari39@example.net,2025-01-03,VIP
C0230,Brenda Velazquez,jstone@example.net,2024-12-11,VIP
C0231,Katie Hicks,phillipjensen@example.com,2025-09-03,REGULAR
C0232,Veronica Silva,thomas05@example.com,2026-07-08,PREMIUM
C0233,Paula Lane,carlsonjoseph@example.net,2023-10-23,REGULAR
C0234,Sarah Hernandez,ojackson@example.net,2026-06-27,REGULAR
C0235,Jeremy Barnes,anthonyvaughan@example.org,2025-05-07,VIP
C0236,Nancy Brown,roberthampton@example.com,2024-03-06,PREMIUM
C0237,Emily Thompson,annbolton@example.com,2025-11-10,PREMIUM
C0238,David Grant,amy49@example.com,2024-07-19,VIP
C0239,Justin Michael,kellie37@example.com,2024-10-02,VIP
C0240,Tina Ballard,david86@example.com,2024-10-29,REGULAR
C0241,Mary Burgess,robertsjennifer@example.com,2024-07-02,VIP
C0242,Breanna Gilbert,marianelson@example.net,2026-02-01,PREMIUM
C0243,David Garcia,johnsantiago@example.net,2024-12-30,REGULAR
C0244,Joshua Hickman,xgarcia@example.org,2025-04-28,REGULAR
C0245,Matthew Velez,mwoods@example.com,2023-12-21,REGULAR
C0246,Carrie Khan,amandasharp@example.org,2024-05-04,REGULAR
C0247,Paul Brennan,osbornrandy@example.com,2024-10-27,VIP
C0248,Frances Gibson,smithashley@example.org,2026-04-27,REGULAR
C0249,Corey Rodriguez,ismall@example.net,2024-04-13,VIP
C0250,George Phillips,twong@example.org,2026-06-17,VIP
C0251,Kaylee Miller,gregorychase@example.com,2026-06-09,PREMIUM
C0252,Adriana Reyes,lopezdonald@example.com,2025-06-28,REGULAR
C0253,Deborah Ward,stephanie49@example.net,2024-08-06,REGULAR
C0254,Jonathan Jacobson,contrerassteven@example.org,2026-08-01,REGULAR
C0255,Tyler Mendoza,hannah45@example.net,2025-07-11,REGULAR
C0256,Samantha Gill,robert87@example.net,2026-06-26,VIP
C0257,Justin Brown,foxallison@example.com,2025-12-02,REGULAR
C0258,Jessica Frazier,ashleyhernandez@example.com,2026-01-26,REGULAR
C0259,Jody Palmer,gdavis@example.com,2025-07-14,PREMIUM
C0260,Jennifer Velasquez,hansenemily@example.com,2024-07-08,VIP
C0261,Amy Shannon,williamsmelvin@example.org,2025-08-07,PREMIUM
C0262,Veronica Brewer,mitchellhector@example.org,2025-05-19,VIP
C0263,Michael Stanley,victoria67@example.com,2025-11-19,PREMIUM
C0264,Jenna Anderson DVM,desireebailey@example.org,2023-08-10,VIP
C0265,Kim Morrow,goodsteven@example.net,2024-08-23,REGULAR
C0266,Molly Rodriguez,rreed@example.org,2026-05-26,PREMIUM
C0267,Brian Johnson,bmendez@example.org,2026-02-18,REGULAR
C0268,Daniel Shields,sanchezbradley@example.com,2023-10-31,PREMIUM
C0269,Laura Barton,williamroberts@example.net,2024-12-15,VIP
C0270,Jennifer Hill,kevinthomas@example.net,2025-12-16,REGULAR
C0271,Gregory Schneider,conniesimmons@example.com,2025-03-19,REGULAR
C0272,Paul Wells,heather62@example.com,2024-07-20,REGULAR
C0273,Tracy Grant,meredith27@example.org,2024-02-29,PREMIUM
C0274,Tammy Boone,nsanchez@example.com,2023-12-26,REGULAR
C0275,Shelly Lopez,brettbennett@example.net,2026-02-02,REGULAR
C0276,Terry Lewis,timothybooth@example.com,2024-05-26,REGULAR
C0277,Michele Sanders,burgesskaren@example.org,2024-08-10,REGULAR
C0278,Elizabeth Ward,kimberly67@example.net,2025-09-15,PREMIUM
C0279,Erica Harris,ugarcia@example.com,2024-12-03,PREMIUM
C0280,Dean Donovan,owilliams@example.net,2026-01-20,PREMIUM
C0281,Kelly Sanchez,mphillips@example.com,2025-12-07,VIP
C0282,Robert Jackson,jonathan77@example.com,2025-12-01,REGULAR
C0283,Kelly Combs,iwhite@example.net,2023-11-28,VIP
C0284,Michael Smith,duranrobert@example.net,2025-09-28,REGULAR
C0285,Lisa Webb,nbrooks@example.net,2025-08-31,PREMIUM
C0286,Nathan Nichols,smithandrea@example.org,2024-10-23,PREMIUM
C0287,Susan Rodriguez,shawheidi@example.com,2024-01-01,VIP
C0288,Debra Sanders,johnharvey@example.com,2025-03-06,VIP
C0289,Michael Abbott,pstevens@example.net,2026-05-16,PREMIUM
C0290,Mark Warner,davisnicholas@example.net,2023-12-11,PREMIUM
C0291,Shannon Davis,pbruce@example.com,2025-11-02,PREMIUM
C0292,Karen Williams,hallrachel@example.net,2023-11-28,VIP
C0293,Emily Ali,rachel90@example.org,2026-02-01,VIP
C0294,Elizabeth Elliott,karenmarquez@example.com,2026-01-01,PREMIUM
C0295,Patrick Gibbs,irhodes@example.com,2026-07-10,VIP
C0296,David Jones,masonterri@example.org,2026-03-02,PREMIUM
C0297,Rachel Hayes,unovak@example.org,2024-07-24,VIP
C0298,Mary Miller,angela66@example.org,2026-03-22,VIP
C0299,Michael Walters,lauren11@example.com,2025-04-01,PREMIUM
C0300,Philip Garcia,michael10@example.com,2023-12-18,PREMIUM
C0301,Alexander Gomez,ryanhawkins@example.net,2023-12-27,REGULAR
C0302,Bradley Santana,michelle04@example.com,2024-08-16,PREMIUM
C0303,Johnny Brown,ginajackson@example.com,2025-06-10,PREMIUM
C0304,David Weber,robert71@example.com,2026-02-12,PREMIUM
C0305,Evelyn Oliver,stephentaylor@example.org,2024-12-28,REGULAR
C0306,Frank Valentine,pcook@example.net,2024-06-12,VIP
C0307,Michael Henry,zedwards@example.com,2026-01-15,PREMIUM
C0308,Timothy Gonzalez,markramirez@example.com,2025-11-29,REGULAR
C0309,Michael Gonzales,erinpierce@example.net,2024-10-30,VIP
C0310,Brenda Turner,fuenteslaura@example.com,2024-08-31,REGULAR
C0311,Kyle Aguilar,jennifermccormick@example.org,2025-11-12,REGULAR
C0312,Robin Wheeler,ystephens@example.com,2023-12-15,VIP
C0313,Lonnie Hart,mackdiane@example.com,2026-05-03,REGULAR
C0314,Brett Walker,vrasmussen@example.com,2025-10-18,REGULAR
C0315,Kathryn Cooper,seanmyers@example.net,2023-09-12,REGULAR
C0316,Todd Thomas,agarcia@example.org,2024-12-01,PREMIUM
C0317,Brent Bowen,stanley38@example.com,2025-07-07,REGULAR
C0318,Maria Byrd,carlos01@example.org,2024-04-16,VIP
C0319,Tina Hall,zacharyarnold@example.com,2025-04-25,REGULAR
C0320,Lucas Gonzalez,jacobsandoval@example.com,2026-02-09,REGULAR
C0321,Paul Stokes,tprice@example.org,2023-11-10,PREMIUM
C0322,Jim Baker,lloydamanda@example.com,2025-09-03,PREMIUM
C0323,Harold Ellis,candice96@example.net,2024-04-29,VIP
C0324,Bruce Torres,samantha91@example.net,2024-05-15,VIP
C0325,Laura Henderson,heather86@example.com,2025-08-30,VIP
C0326,Ryan Harvey,angelaburns@example.org,2025-02-12,VIP
C0327,Kathy Simpson,washingtonjames@example.com,2026-07-03,VIP
C0328,Keith Flynn,cperry@example.com,2024-07-12,REGULAR
C0329,Jim Newton,antonio38@example.com,2025-09-12,VIP
C0330,Holly Carson,armstrongjoseph@example.net,2023-10-08,PREMIUM
C0331,Martha Wright,bpayne@example.org,2023-09-24,VIP
C0332,Autumn Cain,fbaker@example.com,2024-06-26,VIP
C0333,Rachel Li,michelle96@example.org,2023-11-05,REGULAR
C0334,Michael Roberts,amanda98@example.org,2024-09-23,PREMIUM
C0335,Wendy Camacho,taylorkaren@example.com,2024-02-18,PREMIUM
C0336,Megan Burns,johndawson@example.org,2026-01-17,PREMIUM
C0337,Sheryl Davis,courtney67@example.org,2025-10-13,PREMIUM
C0338,Aaron Schroeder,heather57@example.com,2023-12-27,VIP
C0339,Rebecca Sanders,sreid@example.com,2025-06-02,PREMIUM
C0340,Kenneth Knight,troymorris@example.com,2025-08-27,VIP
C0341,Sara Smith,patricia00@example.org,2024-04-06,PREMIUM
C0342,Susan Khan MD,bbryant@example.org,2024-10-03,VIP
C0343,Mariah Williams,penajohn@example.com,2026-04-02,PREMIUM
C0344,Brandon Lewis,jessica36@example.net,2023-12-04,REGULAR
C0345,Michael Montoya,brittneystone@example.com,2025-05-22,PREMIUM
C0346,Ashley Edwards,timperez@example.org,2024-11-11,PREMIUM
C0347,Megan Jones,patrickli@example.org,2025-12-27,VIP
C0348,Lori Hernandez,bishopfrank@example.com,2025-05-05,REGULAR
C0349,Bryce Blair,fheath@example.org,2025-02-01,PREMIUM
C0350,Bradley Tran,iedwards@example.org,2026-02-22,REGULAR
C0351,Katrina Adkins,kimberly04@example.org,2024-11-06,PREMIUM
C0352,Brian Porter MD,bowerslaura@example.org,2025-11-02,VIP
C0353,Ryan Fisher,hatfieldsarah@example.org,2025-11-30,PREMIUM
C0354,Austin Baker,kathrynbest@example.org,2023-10-05,VIP
C0355,Kathryn Perry,fryraymond@example.com,2026-07-30,REGULAR
C0356,Diamond Collins,imiller@example.net,2025-10-07,PREMIUM
C0357,Mark Davenport,terrimoore@example.com,2026-06-27,REGULAR
C0358,Brandon Hamilton,collinssamuel@example.org,2025-07-09,VIP
C0359,Adam Taylor,parkerjudith@example.net,2023-08-22,PREMIUM
C0360,Michelle Jackson,tylerreed@example.net,2024-02-18,REGULAR
C0361,Denise Brown,jessica10@example.com,2026-01-16,PREMIUM
C0362,Mr. Jacob Scott Jr.,crawfordwilliam@example.org,2026-01-12,PREMIUM
C0363,Alexandria Williams,perezwilliam@example.org,2025-02-20,PREMIUM
C0364,Suzanne Yang,lmora@example.org,2025-05-17,VIP
C0365,Roger Duncan,marcbutler@example.net,2024-02-06,VIP
C0366,Andrea Marshall,whitelinda@example.org,2024-10-16,PREMIUM
C0367,Eddie Mueller,mark87@example.org,2026-03-29,PREMIUM
C0368,Dr. Morgan Payne PhD,stevenvargas@example.com,2024-03-25,REGULAR
C0369,Ryan Wiley,randolphandrew@example.net,2025-01-06,REGULAR
C0370,Ashley Moreno,blakenicholas@example.net,2024-08-08,VIP
C0371,Anna Morse,dvasquez@example.org,2025-10-20,VIP
C0372,Angela Davis,xhaynes@example.com,2024-02-28,REGULAR
C0373,Victor Young,kjones@example.org,2024-09-13,PREMIUM
C0374,David Harding,sara65@example.com,2024-03-03,VIP
C0375,Bryan Howard,moorefrank@example.com,2024-06-22,REGULAR
C0376,Robert Torres,qparker@example.org,2026-08-03,PREMIUM
C0377,David Kelly,lewismelissa@example.org,2025-10-10,REGULAR
C0378,Jared Chavez,byrdjorge@example.org,2025-12-06,VIP
C0379,Antonio Norman,codygarcia@example.org,2024-07-15,PREMIUM
C0380,Maria Aguilar,jamesmorales@example.net,2024-09-10,REGULAR
C0381,Carl Stein,johnsoncaleb@example.net,2025-01-01,VIP
C0382,Jessica Ramsey,williamssteven@example.org,2025-09-13,VIP
C0383,Cody Ramirez,reyesronald@example.com,2024-03-22,PREMIUM
C0384,Jason Pierce,mendezchristina@example.net,2023-11-07,REGULAR
C0385,Rebecca Wright,ramirezderrick@example.org,2025-11-26,PREMIUM
C0386,Richard Cooper,mayokimberly@example.com,2025-12-30,PREMIUM
C0387,Alyssa Cochran,paul20@example.com,2024-10-14,REGULAR
C0388,Yvonne Dickson,stokesthomas@example.com,2024-01-07,PREMIUM
C0389,Zachary Robinson,dianeadams@example.net,2025-03-30,REGULAR
C0390,Renee Wolfe,savannah22@example.org,2026-02-08,REGULAR
C0391,Kristine Lopez,warnermichael@example.net,2025-09-07,VIP
C0392,Daniel Fox,gregory01@example.org,2023-08-06,REGULAR
C0393,Tamara Richard,samantha32@example.com,2024-12-19,PREMIUM
C0394,Sarah Valencia,johnsonbrenda@example.org,2023-11-25,REGULAR
C0395,Frank Daugherty,janet69@example.org,2025-06-13,PREMIUM
C0396,Melissa Mcfarland,lbanks@example.net,2025-02-09,VIP
C0397,Michael Anderson,elizabetholsen@example.com,2023-08-07,VIP
C0398,Lance Mccall,xrosales@example.net,2026-03-11,PREMIUM
C0399,Patrick Young,daniellegarcia@example.com,2024-12-13,VIP
C0400,Monica Rogers,daisymccarty@example.net,2023-08-22,PREMIUM
C0401,Michelle Williams,jason15@example.com,2025-06-15,REGULAR
C0402,Heather Bennett,acosta@example.com,2025-08-18,VIP
C0403,Fernando Lynn,franciscojones@example.org,2023-11-28,REGULAR
C0404,Tom Spence,george62@example.net,2025-01-10,PREMIUM
C0405,Steve Moore,bbush@example.net,2024-01-09,REGULAR
C0406,Tammy Fernandez,jamie36@example.net,2026-05-27,VIP
C0407,Sara Hernandez,kenneth10@example.com,2025-02-15,REGULAR
C0408,Karen Davis,pattersonkelly@example.net,2024-06-21,VIP
C0409,Elizabeth Sanders,daniellerowland@example.com,2025-09-02,PREMIUM
C0410,James Lopez,christopher86@example.org,2023-10-13,PREMIUM
C0411,Brittany Horton,scott43@example.com,2024-01-02,VIP
C0412,Leah Spencer,barnettlindsey@example.com,2025-03-28,REGULAR
C0413,Cynthia Evans,rsheppard@example.com,2025-04-09,PREMIUM
C0414,Lisa Martinez,shawrachel@example.net,2025-07-02,VIP
C0415,Beth Henderson,stacyjackson@example.org,2026-07-01,REGULAR
C0416,Deanna Bartlett,oharris@example.org,2023-11-17,VIP
C0417,Kelly Stark,hughesray@example.com,2023-08-24,REGULAR
C0418,Lauren Hanna,jrodriguez@example.org,2024-01-07,REGULAR
C0419,Sheryl Humphrey,hartcraig@example.com,2024-09-18,REGULAR
C0420,Christopher Powell,kpena@example.net,2026-03-22,VIP
C0421,Patrick Mccall,vwilliams@example.net,2025-03-05,VIP
C0422,John Horton,morganlaura@example.com,2024-01-04,PREMIUM
C0423,Erica Daniel,dennismccann@example.com,2026-03-01,VIP
C0424,Olivia Camacho,lopezjason@example.com,2023-10-31,PREMIUM
C0425,Samuel Suarez,cameronmckinney@example.com,2023-09-18,VIP
C0426,Jesus Hull,jameswhitaker@example.org,2026-08-03,PREMIUM
C0427,Thomas Maldonado,joshuacolon@example.net,2024-08-14,REGULAR
C0428,Hannah Martin,tracy72@example.com,2024-09-09,VIP
C0429,Penny Lewis,mitchellpaul@example.org,2024-07-13,PREMIUM
C0430,Sharon Coffey,ericaadams@example.com,2026-06-29,REGULAR
C0431,Alejandra King,wellsdavid@example.org,2024-11-21,VIP
C0432,John Byrd,rodney65@example.com,2026-03-30,REGULAR
C0433,Dr. Sara Hoffman DDS,asilva@example.net,2024-10-17,VIP
C0434,Margaret Hensley MD,gabrielle71@example.com,2026-05-13,VIP
C0435,Rebekah Greene,jacob83@example.org,2026-05-27,REGULAR
C0436,Jason Price,erin07@example.com,2023-09-28,VIP
C0437,Rachel Knox,matthewreeves@example.net,2026-06-13,PREMIUM
C0438,John Figueroa,william28@example.org,2025-12-20,VIP
C0439,Henry Garner,staceylam@example.net,2024-11-24,PREMIUM
C0440,Edward York,vfrench@example.com,2025-08-04,PREMIUM
C0441,Steve Mason,delacruzbrandy@example.net,2026-06-27,PREMIUM
C0442,Brittany Gay,amoreno@example.org,2025-01-18,REGULAR
C0443,Mike Maxwell,dbenitez@example.org,2025-08-31,PREMIUM
C0444,Jesse Clark,crystal25@example.net,2024-04-22,PREMIUM
C0445,Jeffrey Jordan,tracygallagher@example.org,2025-06-01,PREMIUM
C0446,Jake Smith,creyes@example.net,2024-12-17,VIP
C0447,Michael Cooper,andrewsmith@example.net,2024-02-21,REGULAR
C0448,Angel Fry,reyesbrianna@example.org,2025-07-13,PREMIUM
C0449,Colin Vaughan,ryan25@example.com,2025-04-22,PREMIUM
C0450,Alex Wagner,perezjessica@example.org,2024-02-12,REGULAR
C0451,Joseph Williams,jennifer06@example.net,2023-10-18,VIP
C0452,Jeremy Martinez,valdezandrew@example.net,2024-08-31,REGULAR
C0453,Alexandra Fisher,nmiles@example.net,2024-01-08,PREMIUM
C0454,Lisa Campbell,cindy26@example.org,2024-01-17,PREMIUM
C0455,Valerie Howard,mgonzalez@example.com,2025-05-02,REGULAR
C0456,Karen Young,ethan87@example.org,2023-08-24,VIP
C0457,Travis Chan Jr.,meadowsmary@example.net,2024-01-09,PREMIUM
C0458,Brett Thompson,dawn74@example.com,2023-10-05,VIP
C0459,Samuel Zamora,michael56@example.net,2023-08-20,REGULAR
C0460,Tina Adams,elizabethjackson@example.com,2023-12-27,VIP
C0461,Jesus Houston,lisa21@example.com,2026-07-11,VIP
C0462,Michael Brown,pmarsh@example.org,2024-04-08,VIP
C0463,Catherine James,perrybrittanyexample.net,2025-02-12,PREMIUM
C0464,Bianca Knapp,huffmannichole@example.net,2024-01-27,REGULAR
C0465,Alexandria Oneill,ealexander@example.com,2025-10-28,REGULAR
C0466,Melissa Montgomery,tiffanysantiago@example.com,2025-06-07,REGULAR
C0467,Ryan Grant,timothyalvarado@example.net,2026-03-14,VIP
C0468,Sarah Booth,smithsarah@example.net,2023-11-29,VIP
C0469,Daniel Schneider,vflores@example.com,2025-04-22,PREMIUM
C0470,Scott West,christianwallace@example.net,2024-02-05,REGULAR
C0471,Andrew Dunn,bmcgee@example.org,2023-12-24,REGULAR
C0472,Tiffany Cox,pamela83@example.net,2023-10-28,VIP
C0473,Michelle Cox,meganrivera@example.net,2025-07-07,REGULAR
C0474,Ronald Brandt,davisdonna@example.org,2024-10-31,PREMIUM
C0475,Mitchell Griffith,jacqueline02@example.com,2024-01-18,PREMIUM
C0476,Roger Lee,cheryl31@example.com,2025-01-10,VIP
C0477,Leah Barton,shermanbrandon@example.net,2025-07-04,REGULAR
C0478,April Fitzgerald,gbarrett@example.org,2025-12-11,PREMIUM
C0479,Susan Holt,eroberson@example.net,2024-04-30,VIP
C0480,Kathy Cruz,dalesandoval@example.net,2026-03-08,PREMIUM
C0481,Casey Gutierrez,joshuastuart@example.com,2026-07-27,PREMIUM
C0482,Kristen Robinson,megan85@example.net,2024-06-25,PREMIUM
C0483,Mallory Page,glenda22@example.net,2025-02-02,VIP
C0484,Paul Skinner,qaguilar@example.net,2024-10-22,PREMIUM
C0485,Charles Santiago,hstokes@example.org,2024-06-10,VIP
C0486,Ryan Vaughn,karen24@example.net,2024-11-05,PREMIUM
C0487,Sean Stevenson,karenjohnson@example.com,2024-07-18,PREMIUM
C0488,Matthew House,yyoung@example.net,2025-03-29,VIP
C0489,Amy Manning,rfrye@example.com,2024-06-15,PREMIUM
C0490,Holly Chapman,ogreer@example.net,2026-02-27,VIP
C0491,William Jones,kimberlybrandt@example.com,2024-04-30,VIP
C0492,Christopher Singleton,bennettroy@example.net,2023-08-13,PREMIUM
C0493,Linda Ayala,steven20@example.org,2026-04-02,REGULAR
C0494,Michael Fox,tracy98@example.com,2024-05-16,VIP
C0495,Anna Walker,hartmanerik@example.net,2024-07-01,REGULAR
C0496,Yesenia Colon,mark43@example.net,2026-05-09,PREMIUM
C0497,Lisa Oliver,wilsonmichael@example.org,2023-10-05,PREMIUM
C0498,Diane Pruitt,patrick16example.com,2025-03-09,REGULAR
C0499,Jose Vaughan,stucker@example.net,2024-04-21,VIP
C0500,Sharon Coleman,simsjason@example.net,2024-01-13,REGULAR
