order_id,customer_id,order_date,status,region_code
O00001,C0160,2026-08-03 19:27:45,PLACED,EAST
O00002,C0103,2026-03-30 07:26:59,RETURNED,SOUTH
O00003,C0238,2026-01-14 12:04:53,SHIPPED,SOUTH
O00004,,2025-12-22 17:22:30,SHIPPED,EAST
O00005,C0326,2025-07-06 14:30:07,DELIVERED,NORTH
O00006,C0389,2025-09-14 22:25:41,DELIVERED,NORTH
O00007,C0106,2025-06-28 04:56:12,CANCELLED,NORTH
O00008,C0498,2025-05-20 03:09:15,PLACED,NORTH
O00009,C0472,2026-06-15 22:43:31,CANCELLED,EAST
O00010,C0235,2024-09-08 04:33:59,PLACED,SOUTH
O00011,C0327,2026-01-29 07:49:22,RETURNED,NORTH
O00012,C0223,2025-09-20 23:18:50,DELIVERED,EAST
O00013,C0436,2025-07-04 15:08:33,DELIVERED,EAST
O00014,C0232,2025-01-30 16:45:07,SHIPPED,SOUTH
O00015,C0400,2026-08-04 08:15:55,PLACED,SOUTH
O00016,C0231,2026-04-20 14:46:40,RETURNED,EAST
O00017,C0494,2025-08-14 22:15:02,CANCELLED,EAST
O00018,C0437,2026-04-10 17:12:04,DELIVERED,NORTH
O00019,C0111,2026-03-25 11:53:48,PLACED,SOUTH
O00020,C0496,2025-05-28 13:34:54,DELIVERED,EAST
O00021,C0420,2025-05-04 00:00:00,CANCELLED,WEST
O00022,C0285,2025-11-05 23:28:13,CANCELLED,NORTH
O00023,C0412,2026-04-22 10:02:29,PLACED,SOUTH
O00024,C0067,2026-03-04 07:24:17,PLACED,EAST
O00025,C0470,2026-07-11 00:00:00,PLACED,SOUTH
O00026,C0463,2026-03-19 22:56:18,PLACED,EAST
O00027,,2026-05-17 17:10:50,SHIPPED,WEST
O00028,C0421,2026-01-28 14:23:21,CANCELLED,WEST
O00029,C0089,2025-10-26 22:29:19,DELIVERED,EAST
O00030,C0229,2024-10-20 00:00:00,RETURNED,SOUTH
O00031,C0332,2025-07-01 22:30:56,RETURNED,WEST
O00032,C0032,2024-11-17 10:34:49,CANCELLED,SOUTH
O00033,C0330,2025-02-19 03:22:41,RETURNED,NORTH
O00034,C0196,2025-08-11 01:22:32,RETURNED,WEST
O00035,C0177,2026-03-23 07:27:46,CANCELLED,EAST
O00036,,2025-02-02 01:10:21,PLACED,EAST
O00037,C0030,2026-07-13 08:02:20,DELIVERED,SOUTH
O00038,C0499,2026-06-03 16:43:53,SHIPPED,EAST
O00039,C0274,2024-10-09 13:17:28,PLACED,SOUTH
O00040,C0295,2025-03-13 11:17:30,DELIVERED,SOUTH
O00041,C0091,2025-11-13 03:47:45,DELIVERED,NORTH
O00042,C0361,2026-06-17 10:55:37,RETURNED,SOUTH
O00043,C0289,2025-10-01 18:41:57,CANCELLED,EAST
O00044,C0090,2025-06-18 20:32:42,SHIPPED,SOUTH
O00045,C0011,2025-02-21 00:00:00,RETURNED,SOUTH
O00046,C0413,2024-12-30 06:25:31,DELIVERED,NORTH
O00047,C0012,2024-08-09 16:46:34,SHIPPED,NORTH
O00048,C0434,2026-02-07 06:18:38,PLACED,EAST
O00049,C0361,2026-03-06 01:22:42,PLACED,EAST
O00050,C0155,2026-04-10 14:43:12,CANCELLED,WEST
O00051,C0333,2024-08-10 23:26:03,RETURNED,EAST
O00052,C0115,2025-10-28 09:16:46,CANCELLED,EAST
O00053,C0376,2025-09-15 07:40:54,PLACED,WEST
O00054,C0436,2024-11-04 23:18:09,PLACED,SOUTH
O00055,C0309,2025-09-13 03:52:53,RETURNED,SOUTH
O00056,C0328,2024-08-11 00:55:30,SHIPPED,EAST
O00057,C0382,2025-05-23 17:52:55,DELIVERED,SOUTH
O00058,C0326,2025-12-26 20:26:32,DELIVERED,WEST
O00059,C0006,2025-01-12 00:06:01,PLACED,EAST
O00060,C0132,2026-01-21 15:43:10,PLACED,WEST
O00061,C0225,2026-04-22 03:49:03,CANCELLED,WEST
O00062,C0452,2025-04-07 19:39:11,PLACED,WEST
O00063,C0404,2025-06-19 00:14:34,SHIPPED,SOUTH
O00064,C0232,2025-05-13 20:01:00,DELIVERED,NORTH
O00065,C0164,2024-10-27 05:40:24,DELIVERED,SOUTH
O00066,C0455,2024-12-03 16:06:00,RETURNED,NORTH
O00067,C0174,2025-07-02 09:22:06,CANCELLED,NORTH
O00068,C0221,2025-12-24 13:04:26,CANCELLED,SOUTH
O00069,C0028,2025-11-03 02:54:34,SHIPPED,WEST
O00070,C0357,2025-02-18 10:52:30,RETURNED,EAST
O00071,C0339,2025-02-24 09:51:26,PLACED,WEST
O00072,C0293,2026-05-31 12:44:36,PLACED,EAST
O00073,C0002,2025-09-25 20:32:16,RETURNED,WEST
O00074,C0103,2025-06-30 10:34:40,DELIVERED,NORTH
O00075,C0243,2025-10-18 01:02:04,CANCELLED,WEST
O00076,C0251,2025-05-16 10:55:05,RETURNED,WEST
O00077,C0095,2025-11-23 17:06:03,SHIPPED,WEST
O00078,C0023,2025-03-07 11:38:20,SHIPPED,EAST
O00079,C0289,2026-01-16 02:13:41,PLACED,NORTH
O00080,C0343,2025-06-10 03:54:02,RETURNED,SOUTH
O00081,C0284,2026-03-14 20:30:52,RETURNED,WEST
O00082,C0495,2025-01-10 15:56:36,CANCELLED,SOUTH
O00083,C0244,2025-06-22 09:56:58,PLACED,SOUTH
O00084,C0062,2025-10-08 06:48:01,SHIPPED,SOUTH
O00085,C0414,2026-04-06 00:00:00,PLACED,WEST
O00086,C0104,2025-10-12 12:32:23,RETURNED,EAST
O00087,C0164,2025-08-15 04:40:09,PLACED,NORTH
O00088,C0199,2024-12-22 06:23:35,DELIVERED,WEST
O00089,C0470,2025-05-20 00:05:17,RETURNED,WEST
O00090,C0058,2025-10-13 17:04:57,RETURNED,NORTH
O00091,C0474,2025-10-10 11:06:56,DELIVERED,EAST
O00092,C0450,2025-08-16 04:45:40,CANCELLED,WEST
O00093,C0020,2025-02-18 13:34:35,RETURNED,WEST
O00094,C0020,2025-03-31 15:14:46,SHIPPED,NORTH
O00095,C0382,2025-10-28 03:00:58,DELIVERED,NORTH
O00096,C0173,2025-04-29 22:05:06,DELIVERED,WEST
O00097,C0440,2026-03-29 18:50:58,SHIPPED,SOUTH
O00098,C0154,2026-02-04 10:11:27,DELIVERED,EAST
O00099,C0374,2025-06-10 16:29:41,SHIPPED,WEST
O00100,C0109,2026-02-27 22:47:49,CANCELLED,EAST
O00101,C0421,2024-11-20 16:36:07,PLACED,EAST
O00102,C0364,2026-05-31 13:09:12,RETURNED,NORTH
O00103,C0089,2026-06-07 09:47:11,PLACED,SOUTH
O00104,C0017,2025-12-30 12:44:29,SHIPPED,EAST
O00105,C0189,2024-11-05 22:44:16,PLACED,NORTH
O00106,C0124,2026-03-09 07:05:07,SHIPPED,WEST
O00107,C0301,2025-01-30 22:03:57,DELIVERED,NORTH
O00108,,2025-07-18 00:00:00,RETURNED,SOUTH
O00109,C0439,2026-04-05 17:01:58,SHIPPED,EAST
O00110,C0334,2026-01-30 00:00:00,PLACED,WEST
O00111,C0467,2024-12-09 02:53:52,PLACED,SOUTH
O00112,C0130,2024-10-22 08:08:50,DELIVERED,WEST
O00113,C0459,2025-01-19 00:36:28,DELIVERED,SOUTH
O00114,C0239,2025-09-04 07:01:43,RETURNED,WEST
O00115,C0300,2025-06-12 13:48:53,DELIVERED,EAST
O00116,C0153,2026-04-08 00:25:57,DELIVERED,EAST
O00117,C0328,2025-04-25 07:45:25,DELIVERED,SOUTH
O00118,C0077,2026-04-19 11:48:50,PLACED,WEST
O00119,C0339,2025-10-07 02:18:10,PLACED,WEST
O00120,C0152,2025-11-25 09:04:50,CANCELLED,NORTH
O00121,C0299,2026-01-28 20:54:36,SHIPPED,EAST
O00122,C0372,2026-01-19 04:01:28,CANCELLED,EAST
O00123,C0260,2026-02-05 10:20:15,RETURNED,SOUTH
O00124,C0151,2024-09-14 21:09:10,DELIVERED,SOUTH
O00125,C0485,2024-12-08 07:11:31,PLACED,SOUTH
O00126,C0182,2025-06-03 16:14:11,CANCELLED,EAST
O00127,C0191,2025-12-12 08:25:03,PLACED,WEST
O00128,C0028,2024-08-09 13:26:34,RETURNED,NORTH
O00129,C0242,2026-04-22 05:21:00,CANCELLED,EAST
O00130,C0212,2024-10-15 04:49:57,SHIPPED,SOUTH
O00131,C0176,2026-05-06 21:24:45,CANCELLED,SOUTH
O00132,C0162,2024-11-26 07:56:12,PLACED,WEST
O00133,C0171,2025-08-06 19:21:33,PLACED,NORTH
O00134,C0232,2026-07-25 14:07:58,SHIPPED,SOUTH
O00135,C0251,2025-11-14 16:12:15,SHIPPED,WEST
O00136,C0325,2025-07-09 14:50:31,CANCELLED,WEST
O00137,,2024-10-12 21:52:47,DELIVERED,NORTH
O00138,C0457,2024-09-24 05:21:52,SHIPPED,NORTH
O00139,,2025-02-25 19:12:31,SHIPPED,EAST
O00140,C0160,2025-01-24 16:54:55,RETURNED,EAST
O00141,C0086,2025-05-20 00:00:00,DELIVERED,WEST
O00142,C0373,2024-10-06 14:52:01,CANCELLED,SOUTH
O00143,C0176,2025-11-21 11:56:21,SHIPPED,SOUTH
O00144,C0486,2024-09-03 18:37:43,PLACED,SOUTH
O00145,C0115,2026-02-19 04:22:43,PLACED,SOUTH
O00146,C0064,2025-05-30 23:10:27,PLACED,WEST
O00147,C0449,2026-07-29 08:02:38,RETURNED,NORTH
O00148,C0305,2025-06-12 15:22:47,PLACED,NORTH
O00149,C0354,2025-11-25 07:57:59,PLACED,EAST
O00150,C0243,2025-12-28 02:48:40,PLACED,EAST
O00151,C0216,2025-09-14 03:03:56,DELIVERED,SOUTH
O00152,C0215,2025-03-15 22:59:30,RETURNED,NORTH
O00153,C0145,2026-02-09 04:06:44,SHIPPED,SOUTH
O00154,C0399,2025-11-12 12:30:51,SHIPPED,EAST
O00155,C0361,2024-09-19 02:00:24,RETURNED,WEST
O00156,C0467,2026-03-29 07:55:30,DELIVERED,SOUTH
O00157,,2026-05-04 12:59:24,PLACED,WEST
O00158,C0077,2024-12-19 14:06:32,PLACED,NORTH
O00159,C0464,2025-12-15 18:42:48,DELIVERED,EAST
O00160,C0238,2025-08-24 10:30:46,PLACED,EAST
O00161,C0185,2025-07-12 09:51:01,PLACED,NORTH
O00162,C0436,2024-08-13 00:00:00,SHIPPED,SOUTH
O00163,C0169,2025-01-09 02:54:49,RETURNED,EAST
O00164,C0450,2026-05-28 02:32:53,DELIVERED,SOUTH
O00165,C0059,2025-12-28 16:01:39,DELIVERED,WEST
O00166,C0354,2026-07-29 09:24:49,SHIPPED,NORTH
O00167,C0068,2026-04-21 20:47:06,SHIPPED,NORTH
O00168,C0214,2025-09-11 21:53:44,RETURNED,WEST
O00169,C0093,2025-03-15 14:21:58,RETURNED,NORTH
O00170,C0442,2025-01-03 17:09:22,SHIPPED,WEST
O00171,C0472,2024-08-31 13:20:31,CANCELLED,NORTH
O00172,C0033,2026-04-06 08:52:53,RETURNED,SOUTH
O00173,C0490,2025-11-14 02:35:10,RETURNED,NORTH
O00174,C0222,2025-09-06 00:07:12,DELIVERED,WEST
O00175,C0077,2025-09-10 02:16:52,RETURNED,NORTH
O00176,C0006,2026-01-29 22:51:54,CANCELLED,WEST
O00177,C0446,2025-02-01 09:28:41,DELIVERED,SOUTH
O00178,C0170,2025-11-26 06:47:27,SHIPPED,WEST
O00179,C0207,2024-12-15 02:12:30,CANCELLED,WEST
O00180,C0046,2026-01-10 23:32:36,PLACED,WEST
O00181,C0382,2024-09-02 11:02:47,CANCELLED,NORTH
O00182,C0286,2025-05-11 20:51:28,RETURNED,EAST
O00183,C0456,2025-02-07 06:53:06,CANCELLED,EAST
O00184,C0187,2025-12-27 05:15:35,CANCELLED,EAST
O00185,C0287,2024-08-05 16:10:24,DELIVERED,WEST
O00186,C0059,2024-12-05 17:48:05,PLACED,EAST
O00187,C0182,2024-10-11 21:41:08,DELIVERED,EAST
O00188,C0360,2025-03-07 18:39:15,CANCELLED,SOUTH
O00189,C0421,2026-04-03 00:58:27,PLACED,EAST
O00190,C0313,2025-06-11 16:48:07,CANCELLED,SOUTH
O00191,C0235,2025-05-06 17:35:42,DELIVERED,NORTH
O00192,C0388,2026-01-07 14:13:25,RETURNED,NORTH
O00193,C0396,2025-06-08 08:49:11,RETURNED,SOUTH
O00194,C0494,2025-06-16 08:58:19,PLACED,WEST
O00195,C0430,2025-11-03 16:08:40,SHIPPED,SOUTH
O00196,C0375,2025-01-08 00:52:28,RETURNED,EAST
O00197,C0259,2025-09-11 14:14:30,RETURNED,SOUTH
O00198,C0141,2024-08-17 09:16:15,DELIVERED,WEST
O00199,C0413,2026-02-28 20:06:21,RETURNED,EAST
O00200,C0432,2026-02-02 23:16:54,RETURNED,SOUTH
O00201,C0103,2024-09-27 17:56:06,DELIVERED,SOUTH
O00202,C0364,2026-07-20 09:31:38,RETURNED,EAST
O00203,C0364,2024-10-14 11:37:54,CANCELLED,WEST
O00204,C0346,2025-10-06 07:58:04,DELIVERED,WEST
O00205,,2025-03-14 10:10:00,CANCELLED,SOUTH
O00206,C0028,2026-02-20 11:01:29,SHIPPED,EAST
O00207,C0350,2026-05-11 22:45:19,DELIVERED,SOUTH
O00208,C0386,2025-10-13 17:27:22,CANCELLED,NORTH
O00209,C0316,2026-07-17 03:49:18,SHIPPED,WEST
O00210,C0122,2025-11-01 05:27:58,DELIVERED,NORTH
O00211,C0475,2025-05-02 19:47:02,DELIVERED,NORTH
O00212,C0007,2025-05-02 08:13:24,CANCELLED,SOUTH
O00213,C0467,2026-04-30 21:07:03,DELIVERED,SOUTH
O00214,C0398,2025-03-08 05:17:53,CANCELLED,SOUTH
O00215,C0350,2025-01-28 05:16:20,RETURNED,NORTH
O00216,,2025-11-19 10:15:05,DELIVERED,SOUTH
O00217,C0083,2025-01-03 13:01:50,DELIVERED,WEST
O00218,C0364,2025-07-24 00:00:00,DELIVERED,NORTH
O00219,C0397,2026-07-28 13:56:25,DELIVERED,WEST
O00220,C0405,2025-06-15 05:06:45,DELIVERED,SOUTH
O00221,C0490,2025-10-25 23:51:23,RETURNED,SOUTH
O00222,C0213,2024-08-09 01:31:39,DELIVERED,SOUTH
O00223,C0453,2025-02-24 06:12:54,DELIVERED,EAST
O00224,C0112,2024-12-19 09:42:11,CANCELLED,NORTH
O00225,C0059,2025-06-17 16:21:28,RETURNED,SOUTH
O00226,,2025-09-02 15:46:49,CANCELLED,NORTH
O00227,C0198,2024-10-27 03:28:08,PLACED,EAST
O00228,C0264,2025-10-13 08:26:58,PLACED,EAST
O00229,C0460,2024-09-30 16:11:26,PLACED,NORTH
O00230,C0086,2025-08-31 06:34:17,RETURNED,NORTH
O00231,C0321,2025-03-22 00:04:11,SHIPPED,WEST
O00232,C0428,2025-04-26 12:14:30,CANCELLED,NORTH
O00233,C0383,2024-11-04 00:00:00,DELIVERED,NORTH
O00234,C0045,2026-04-21 02:44:47,DELIVERED,NORTH
O00235,C0295,2025-09-08 03:10:32,CANCELLED,WEST
O00236,C0231,2025-02-21 14:34:16,PLACED,WEST
O00237,C0345,2026-06-16 00:00:00,RETURNED,NORTH
O00238,C0388,2025-09-27 00:00:00,PLACED,EAST
O00239,C0476,2026-04-29 00:59:00,DELIVERED,NORTH
O00240,C0145,2026-04-13 16:39:57,CANCELLED,NORTH
O00241,C0243,2025-10-25 23:37:01,CANCELLED,EAST
O00242,C0492,2025-02-15 17:47:37,DELIVERED,NORTH
O00243,C0284,2026-01-26 15:29:33,PLACED,NORTH
O00244,C0294,2025-07-15 08:37:26,PLACED,EAST
O00245,C0108,2025-05-25 08:06:15,DELIVERED,SOUTH
O00246,C0212,2025-10-16 21:02:31,SHIPPED,SOUTH
O00247,C0095,2025-08-16 02:19:58,SHIPPED,NORTH
O00248,C0093,2026-03-26 12:02:49,PLACED,WEST
O00249,C0331,2025-02-10 09:45:37,PLACED,EAST
O00250,C0051,2026-03-16 19:08:37,DELIVERED,EAST
O00251,C0066,2025-04-26 06:33:13,DELIVERED,NORTH
O00252,C0461,2026-03-30 21:01:40,DELIVERED,EAST
O00253,C0356,2025-07-27 20:22:22,DELIVERED,EAST
O00254,C0491,2026-01-16 00:00:00,SHIPPED,SOUTH
O00255,C0365,2025-07-29 07:16:11,DELIVERED,SOUTH
O00256,C0348,2026-07-02 19:14:01,CANCELLED,WEST
O00257,C0184,2025-11-04 06:03:26,PLACED,SOUTH
O00258,C0331,2026-06-06 00:05:49,SHIPPED,SOUTH
O00259,C0135,2024-08-26 16:40:20,PLACED,NORTH
O00260,C0435,2025-08-14 00:00:00,RETURNED,WEST
O00261,C0394,2024-11-03 18:12:59,RETURNED,EAST
O00262,C0279,2025-02-21 16:55:37,SHIPPED,EAST
O00263,C0201,2024-09-26 22:07:15,DELIVERED,SOUTH
O00264,C0238,2025-05-29 16:21:52,DELIVERED,NORTH
O00265,C0340,2025-12-10 15:07:49,RETURNED,SOUTH
O00266,C0388,2026-04-10 00:25:55,SHIPPED,SOUTH
O00267,C0377,2025-01-23 15:02:33,PLACED,SOUTH
O00268,C0390,2026-01-13 05:23:26,DELIVERED,SOUTH
O00269,C0022,2026-02-01 01:41:17,DELIVERED,WEST
O00270,C0241,2025-01-31 01:01:36,PLACED,EAST
O00271,C0053,2026-04-18 22:54:28,DELIVERED,EAST
O00272,C0297,2025-04-07 16:27:54,CANCELLED,EAST
O00273,C0301,2025-06-21 18:59:44,RETURNED,EAST
O00274,C0193,2025-05-06 17:00:35,CANCELLED,EAST
O00275,C0419,2025-09-10 15:09:17,CANCELLED,NORTH
O00276,C0257,2025-09-25 12:05:37,SHIPPED,NORTH
O00277,C0264,2024-08-13 00:04:18,SHIPPED,SOUTH
O00278,C0186,2026-01-31 19:01:22,SHIPPED,WEST
O00279,C0416,2026-05-13 19:43:22,CANCELLED,WEST
O00280,C0108,2025-02-26 00:00:44,CANCELLED,NORTH
O00281,,2025-02-14 06:40:32,SHIPPED,SOUTH
O00282,C0323,2025-03-16 14:17:03,SHIPPED,NORTH
O00283,C0086,2024-10-16 16:38:23,CANCELLED,NORTH
O00284,C0450,2025-06-11 07:25:27,DELIVERED,NORTH
O00285,C0111,2026-01-10 17:27:27,CANCELLED,SOUTH
O00286,C0113,2026-03-10 01:14:26,RETURNED,SOUTH
O00287,C0320,2026-05-05 04:45:35,DELIVERED,WEST
O00288,C0306,2025-04-28 02:01:39,CANCELLED,SOUTH
O00289,,2024-10-03 12:05:53,RETURNED,WEST
O00290,C0424,2025-10-10 04:24:27,CANCELLED,NORTH
O00291,C0450,2026-07-29 21:18:09,PLACED,NORTH
O00292,C0247,2024-12-22 02:02:01,RETURNED,NORTH
O00293,C0460,2025-08-10 14:27:21,CANCELLED,WEST
O00294,C0190,2025-04-06 05:49:51,CANCELLED,SOUTH
O00295,C0481,2025-05-07 01:14:34,CANCELLED,EAST
O00296,C0302,2025-01-22 05:11:10,RETURNED,NORTH
O00297,C0218,2026-07-01 02:04:53,SHIPPED,NORTH
O00298,C0146,2025-10-25 01:35:48,DELIVERED,SOUTH
O00299,C0003,2025-03-02 10:45:16,RETURNED,NORTH
O00300,,2024-12-25 10:10:02,DELIVERED,WEST
O00301,C0186,2026-03-08 00:10:44,RETURNED,EAST
O00302,C0134,2026-01-18 00:51:41,DELIVERED,EAST
O00303,C0349,2026-07-29 00:01:59,RETURNED,WEST
O00304,C0092,2026-07-13 05:05:44,DELIVERED,EAST
O00305,C0296,2024-12-31 03:47:50,SHIPPED,NORTH
O00306,C0383,2025-08-28 00:50:24,SHIPPED,NORTH
O00307,C0110,2026-02-28 23:35:11,RETURNED,NORTH
O00308,C0083,2025-01-07 12:52:20,PLACED,SOUTH
O00309,C0242,2025-02-03 20:57:05,PLACED,EAST
O00310,C0114,2026-02-27 16:12:35,CANCELLED,WEST
O00311,C0315,2025-02-09 11:04:43,RETURNED,NORTH
O00312,C0485,2026-06-14 07:55:03,CANCELLED,WEST
O00313,C0006,2025-02-27 14:19:59,RETURNED,EAST
O00314,,2025-01-13 01:27:05,RETURNED,SOUTH
O00315,C0315,2025-01-30 00:00:00,SHIPPED,NORTH
O00316,C0500,2025-01-09 22:39:39,CANCELLED,EAST
O00317,C0343,2026-05-15 23:14:13,RETURNED,NORTH
O00318,C0378,2025-02-15 09:28:42,RETURNED,EAST
O00319,C0372,2026-05-17 01:13:38,DELIVERED,EAST
O00320,C0494,2025-11-28 22:18:01,SHIPPED,WEST
O00321,C0477,2025-05-08 00:00:00,SHIPPED,WEST
O00322,C0260,2024-12-04 14:47:11,DELIVERED,EAST
O00323,C0485,2026-04-02 11:17:02,DELIVERED,EAST
O00324,C0356,2024-10-27 07:39:03,CANCELLED,SOUTH
O00325,C0388,2024-11-06 13:30:55,CANCELLED,NORTH
O00326,C0247,2026-07-21 04:22:06,SHIPPED,SOUTH
O00327,C0410,2024-10-05 09:55:57,RETURNED,NORTH
O00328,C0359,2026-01-12 08:52:09,PLACED,WEST
O00329,C0345,2026-01-02 17:56:22,RETURNED,SOUTH
O00330,C0244,2025-08-23 02:45:25,RETURNED,EAST
O00331,C0094,2025-11-25 05:22:57,SHIPPED,WEST
O00332,C0378,2024-08-10 14:17:33,DELIVERED,SOUTH
O00333,C0118,2026-03-22 01:21:46,RETURNED,EAST
O00334,C0080,2026-06-02 04:07:17,PLACED,WEST
O00335,,2025-09-30 00:37:27,PLACED,WEST
O00336,C0191,2024-09-07 06:39:36,RETURNED,EAST
O00337,C0252,2026-05-26 02:52:53,RETURNED,EAST
O00338,C0204,2025-08-15 01:23:39,PLACED,WEST
O00339,C0245,2025-05-20 00:00:00,DELIVERED,WEST
O00340,C0441,2025-11-30 12:53:55,PLACED,WEST
O00341,C0162,2025-04-07 00:00:00,SHIPPED,WEST
O00342,C0298,2025-08-22 20:42:29,DELIVERED,SOUTH
O00343,C0281,2026-07-04 01:00:39,RETURNED,EAST
O00344,C0188,2026-06-20 17:36:39,CANCELLED,EAST
O00345,C0187,2026-07-03 04:06:21,SHIPPED,SOUTH
O00346,C0295,2025-10-25 16:38:08,DELIVERED,SOUTH
O00347,C0285,2026-06-11 05:50:35,SHIPPED,SOUTH
O00348,C0243,2025-03-06 20:12:47,CANCELLED,SOUTH
O00349,C0458,2025-08-21 16:05:35,DELIVERED,WEST
O00350,C0154,2024-12-25 11:47:48,PLACED,WEST
O00351,C0051,2026-03-22 01:42:02,DELIVERED,WEST
O00352,C0430,2026-07-17 22:25:23,DELIVERED,EAST
O00353,C0185,2025-09-06 11:02:23,DELIVERED,EAST
O00354,C0011,2025-03-11 03:22:00,RETURNED,SOUTH
O00355,C0296,2025-06-10 11:49:47,SHIPPED,EAST
O00356,C0182,2025-01-24 22:55:40,CANCELLED,NORTH
O00357,C0196,2026-03-11 02:59:21,SHIPPED,SOUTH
O00358,C0328,2025-10-27 08:38:11,RETURNED,WEST
O00359,C0435,2024-11-13 01:29:46,DELIVERED,SOUTH
O00360,C0161,2024-09-16 12:12:48,DELIVERED,WEST
O00361,C0139,2025-09-17 19:14:14,DELIVERED,WEST
O00362,C0212,2026-04-18 06:17:22,SHIPPED,SOUTH
O00363,C0339,2025-06-30 03:23:17,PLACED,SOUTH
O00364,C0086,2025-08-11 23:21:02,CANCELLED,NORTH
O00365,C0014,2026-08-05 07:14:46,PLACED,NORTH
O00366,C0135,2025-09-29 11:27:48,CANCELLED,EAST
O00367,C0118,2024-08-30 17:49:48,SHIPPED,SOUTH
O00368,C0270,2025-08-30 00:00:00,DELIVERED,EAST
O00369,C0443,2025-05-02 04:45:13,RETURNED,EAST
O00370,C0281,2025-06-07 06:14:01,RETURNED,SOUTH
O00371,C0303,2026-06-04 17:50:21,RETURNED,WEST
O00372,C0269,2026-01-20 13:05:52,DELIVERED,WEST
O00373,C0277,2026-03-31 02:42:59,DELIVERED,EAST
O00374,C0212,2024-12-19 05:19:59,PLACED,SOUTH
O00375,C0177,2025-07-26 13:34:12,CANCELLED,WEST
O00376,,2024-11-06 22:38:37,DELIVERED,SOUTH
O00377,,2026-01-29 19:02:25,CANCELLED,WEST
O00378,C0203,2025-09-11 22:51:44,CANCELLED,WEST
O00379,C0113,2025-07-28 19:09:20,SHIPPED,EAST
O00380,C0146,2025-04-07 14:59:03,DELIVERED,WEST
O00381,C0097,2026-01-22 18:38:03,DELIVERED,NORTH
O00382,C0327,2024-08-11 23:45:09,RETURNED,WEST
O00383,C0097,2024-08-14 15:09:31,RETURNED,NORTH
O00384,C0096,2026-01-11 01:00:36,SHIPPED,WEST
O00385,,2025-01-16 03:31:39,PLACED,WEST
O00386,C0112,2025-05-27 03:52:08,CANCELLED,EAST
O00387,C0238,2025-10-30 00:00:00,PLACED,SOUTH
O00388,C0029,2024-10-22 16:53:38,RETURNED,WEST
O00389,C0093,2025-04-15 05:23:19,CANCELLED,NORTH
O00390,C0063,2025-05-13 07:34:27,CANCELLED,WEST
O00391,C0127,2025-11-24 00:00:00,CANCELLED,NORTH
O00392,C0267,2026-06-05 20:43:05,CANCELLED,EAST
O00393,C0480,2025-02-23 03:59:29,PLACED,NORTH
O00394,C0130,2024-12-28 19:35:33,DELIVERED,NORTH
O00395,C0443,2025-10-05 12:46:52,SHIPPED,WEST
O00396,,2025-02-25 14:40:46,RETURNED,NORTH
O00397,C0203,2025-02-05 00:00:00,PLACED,WEST
O00398,C0353,2025-03-02 16:57:06,PLACED,SOUTH
O00399,C0081,2025-08-06 13:19:57,DELIVERED,NORTH
O00400,C0031,2025-11-24 15:31:59,RETURNED,NORTH
O00401,C0065,2025-04-28 22:35:59,RETURNED,EAST
O00402,C0413,2025-05-16 16:08:20,PLACED,WEST
O00403,C0184,2024-12-26 07:13:03,PLACED,WEST
O00404,C0362,2025-08-27 20:33:55,CANCELLED,SOUTH
O00405,C0291,2025-06-30 17:41:11,CANCELLED,EAST
O00406,C0445,2025-01-15 23:25:41,RETURNED,SOUTH
O00407,C0036,2025-06-26 23:16:37,DELIVERED,EAST
O00408,,2026-01-31 17:02:54,CANCELLED,SOUTH
O00409,,2026-03-12 16:45:49,RETURNED,SOUTH
O00410,C0165,2025-05-21 15:10:22,RETURNED,WEST
O00411,C0098,2025-05-16 00:21:54,RETURNED,SOUTH
O00412,C0314,2026-05-31 00:36:39,DELIVERED,NORTH
O00413,C0050,2025-06-12 14:24:20,SHIPPED,SOUTH
O00414,,2025-03-10 15:29:26,SHIPPED,NORTH
O00415,C0017,2025-07-21 13:00:56,CANCELLED,EAST
O00416,C0026,2024-12-23 04:11:47,PLACED,NORTH
O00417,C0477,2025-10-23 06:40:03,PLACED,WEST
O00418,C0411,2024-11-15 07:25:46,CANCELLED,EAST
O00419,C0407,2025-10-26 18:14:12,DELIVERED,NORTH
O00420,C0376,2026-01-20 07:00:26,SHIPPED,NORTH
O00421,C0052,2025-01-29 23:36:40,SHIPPED,SOUTH
O00422,C0270,2026-04-29 20:25:56,SHIPPED,WEST
O00423,C0383,2024-10-22 00:31:30,DELIVERED,WEST
O00424,C0360,2026-02-16 07:47:32,SHIPPED,SOUTH
O00425,C0282,2025-03-03 03:02:03,SHIPPED,WEST
O00426,C0478,2026-04-22 00:05:50,DELIVERED,EAST
O00427,C0212,2025-02-04 14:32:43,DELIVERED,SOUTH
O00428,C0289,2025-10-10 19:06:25,RETURNED,EAST
O00429,C0185,2025-07-07 03:57:35,CANCELLED,NORTH
O00430,,2026-06-01 13:34:12,PLACED,SOUTH
O00431,C0456,2025-05-28 06:59:57,SHIPPED,SOUTH
O00432,C0439,2025-01-04 17:42:05,DELIVERED,SOUTH
O00433,,2024-11-26 17:32:33,SHIPPED,EAST
O00434,C0188,2026-04-18 20:35:50,DELIVERED,EAST
O00435,C0048,2026-03-02 02:14:21,SHIPPED,NORTH
O00436,C0371,2024-11-29 14:35:46,CANCELLED,NORTH
O00437,C0305,2025-08-07 00:00:00,RETURNED,WEST
O00438,C0041,2026-04-23 05:33:54,DELIVERED,EAST
O00439,C0451,2024-08-13 00:25:40,PLACED,SOUTH
O00440,C0383,2024-12-20 15:00:59,PLACED,WEST
O00441,C0028,2025-06-28 00:00:00,RETURNED,SOUTH
O00442,C0168,2025-08-28 11:59:48,PLACED,WEST
O00443,C0498,2024-11-17 21:33:07,RETURNED,NORTH
O00444,C0114,2026-06-30 06:35:08,SHIPPED,SOUTH
O00445,C0173,2026-05-27 04:35:38,PLACED,WEST
O00446,C0135,2025-12-08 07:01:24,SHIPPED,SOUTH
O00447,C0247,2025-09-11 00:31:36,RETURNED,SOUTH
O00448,C0288,2025-09-24 04:58:30,SHIPPED,SOUTH
O00449,C0037,2026-02-16 03:02:11,RETURNED,NORTH
O00450,C0058,2025-04-07 16:24:02,DELIVERED,SOUTH
O00451,C0165,2026-04-07 10:29:07,DELIVERED,SOUTH
O00452,C0180,2025-08-18 10:04:34,CANCELLED,SOUTH
O00453,,2025-03-26 11:51:39,SHIPPED,EAST
O00454,C0080,2025-02-16 09:18:48,PLACED,NORTH
O00455,C0125,2025-10-16 01:50:18,DELIVERED,NORTH
O00456,C0176,2026-06-03 06:27:18,CANCELLED,WEST
O00457,C0012,2025-10-20 12:01:15,SHIPPED,SOUTH
O00458,C0280,2024-09-11 12:11:03,CANCELLED,SOUTH
O00459,C0356,2025-06-10 00:00:00,RETURNED,NORTH
O00460,C0131,2024-10-21 07:50:32,RETURNED,EAST
O00461,C0028,2026-01-23 19:28:34,PLACED,WEST
O00462,C0339,2024-12-10 07:43:54,DELIVERED,NORTH
O00463,C0010,2024-09-21 01:58:39,CANCELLED,SOUTH
O00464,C0195,2025-01-19 19:25:13,DELIVERED,WEST
O00465,C0444,2026-04-29 13:29:12,SHIPPED,WEST
O00466,C0288,2025-02-18 00:00:00,SHIPPED,EAST
O00467,C0171,2025-08-10 14:09:25,PLACED,EAST
O00468,C0351,2026-05-19 02:23:04,SHIPPED,EAST
O00469,C0416,2025-12-07 16:18:03,CANCELLED,NORTH
O00470,C0484,2024-10-19 06:00:56,SHIPPED,EAST
O00471,C0460,2025-07-20 20:43:11,CANCELLED,SOUTH
O00472,C0214,2026-03-06 19:02:31,DELIVERED,EAST
O00473,C0230,2025-04-22 09:16:06,SHIPPED,SOUTH
O00474,C0442,2025-02-23 05:15:56,RETURNED,SOUTH
O00475,C0221,2025-05-12 19:38:17,SHIPPED,SOUTH
O00476,C0163,2025-05-12 07:25:11,PLACED,SOUTH
O00477,C0163,2025-10-14 16:30:00,PLACED,EAST
O00478,C0451,2025-10-12 11:12:46,DELIVERED,WEST
O00479,C0382,2026-07-30 05:39:36,DELIVERED,SOUTH
O00480,C0399,2026-04-26 14:36:31,PLACED,EAST
O00481,C0311,2025-02-21 14:58:15,SHIPPED,SOUTH
O00482,,2025-04-29 18:03:29,CANCELLED,SOUTH
O00483,C0258,2024-08-20 20:34:32,DELIVERED,SOUTH
O00484,C0437,2025-06-21 06:35:52,SHIPPED,SOUTH
O00485,,2024-11-07 14:50:56,PLACED,EAST
O00486,C0487,2025-05-05 03:37:09,SHIPPED,SOUTH
O00487,C0034,2026-06-10 03:44:26,CANCELLED,WEST
O00488,C0353,2026-01-15 07:13:00,SHIPPED,WEST
O00489,C0208,2025-11-18 19:34:25,CANCELLED,EAST
O00490,C0202,2025-01-06 23:39:58,RETURNED,NORTH
O00491,C0267,2025-10-27 12:09:06,PLACED,SOUTH
O00492,C0266,2025-10-26 18:16:08,PLACED,WEST
O00493,C0265,2025-12-23 05:11:20,SHIPPED,EAST
O00494,C0226,2025-12-22 15:29:46,DELIVERED,WEST
O00495,C0086,2025-09-27 16:02:05,PLACED,SOUTH
O00496,C0238,2024-12-19 00:27:28,RETURNED,NORTH
O00497,C0093,2026-04-03 12:50:03,RETURNED,SOUTH
O00498,C0202,2025-03-14 12:18:34,SHIPPED,WEST
O00499,C0303,2025-05-08 06:31:50,CANCELLED,NORTH
O00500,C0129,2025-04-14 22:56:25,SHIPPED,NORTH
O00501,C0047,2026-01-10 08:02:32,DELIVERED,NORTH
O00502,C0269,2025-09-05 22:11:38,RETURNED,SOUTH
O00503,C0194,2025-08-19 00:00:00,SHIPPED,EAST
O00504,C0290,2026-03-30 05:06:00,SHIPPED,SOUTH
O00505,C0092,2026-02-28 12:39:40,DELIVERED,EAST
O00506,C0374,2025-07-18 14:11:58,SHIPPED,NORTH
O00507,C0461,2026-06-27 10:46:09,RETURNED,EAST
O00508,C0007,2024-10-05 08:26:25,RETURNED,NORTH
O00509,C0312,2025-05-28 10:29:47,RETURNED,WEST
O00510,C0233,2025-11-25 02:20:24,RETURNED,NORTH
O00511,C0126,2025-03-16 00:00:17,RETURNED,SOUTH
O00512,C0026,2025-07-31 15:47:01,DELIVERED,NORTH
O00513,C0075,2025-12-09 02:47:13,RETURNED,EAST
O00514,C0170,2024-11-25 00:00:00,CANCELLED,SOUTH
O00515,C0083,2026-06-10 20:18:50,RETURNED,SOUTH
O00516,C0495,2024-12-13 14:39:09,PLACED,NORTH
O00517,C0394,2025-12-16 00:06:25,CANCELLED,NORTH
O00518,C0389,2026-04-24 19:45:25,DELIVERED,WEST
O00519,C0069,2026-07-27 16:33:20,DELIVERED,WEST
O00520,C0269,2025-04-24 12:11:32,PLACED,NORTH
O00521,C0293,2025-06-29 02:02:51,PLACED,WEST
O00522,C0371,2025-12-08 18:36:27,DELIVERED,WEST
O00523,C0312,2025-11-24 01:06:23,RETURNED,EAST
O00524,C0475,2025-10-23 10:54:54,RETURNED,WEST
O00525,C0253,2025-06-15 20:19:43,SHIPPED,EAST
O00526,,2026-05-26 00:00:00,PLACED,SOUTH
O00527,C0410,2026-07-10 23:53:08,PLACED,EAST
O00528,C0180,2024-09-29 20:46:06,PLACED,SOUTH
O00529,C0354,2024-10-05 21:34:17,DELIVERED,EAST
O00530,C0260,2024-12-09 06:42:27,PLACED,EAST
O00531,C0175,2025-04-29 08:27:42,PLACED,SOUTH
O00532,C0100,2025-01-29 17:06:32,CANCELLED,WEST
O00533,,2025-04-05 22:32:51,SHIPPED,WEST
O00534,C0457,2025-04-08 13:51:24,CANCELLED,WEST
O00535,C0476,2025-12-25 15:51:53,DELIVERED,EAST
O00536,C0285,2025-03-19 18:05:39,DELIVERED,EAST
O00537,C0034,2026-02-08 06:15:30,PLACED,EAST
O00538,C0193,2025-03-01 04:51:54,RETURNED,WEST
O00539,C0096,2025-11-18 16:00:43,DELIVERED,EAST
O00540,,2025-12-19 03:51:32,CANCELLED,SOUTH
O00541,C0191,2025-06-08 14:38:23,SHIPPED,EAST
O00542,C0090,2025-03-04 03:14:57,SHIPPED,NORTH
O00543,C0228,2026-06-25 22:35:34,RETURNED,SOUTH
O00544,C0098,2025-07-17 00:19:31,RETURNED,EAST
O00545,C0398,2026-04-04 01:13:46,PLACED,SOUTH
O00546,C0106,2026-06-06 14:41:48,RETURNED,NORTH
O00547,C0003,2026-08-04 00:00:00,RETURNED,NORTH
O00548,C0171,2025-05-14 00:00:00,RETURNED,EAST
O00549,C0012,2026-03-09 08:36:03,SHIPPED,EAST
O00550,C0103,2025-11-04 07:47:45,DELIVERED,WEST
O00551,C0344,2025-09-14 01:45:48,DELIVERED,NORTH
O00552,C0008,2025-07-21 04:48:26,PLACED,SOUTH
O00553,C0278,2025-06-23 00:08:01,SHIPPED,EAST
O00554,C0294,2024-12-13 09:51:14,RETURNED,EAST
O00555,C0277,2024-12-26 06:42:19,CANCELLED,NORTH
O00556,C0055,2026-05-30 22:28:52,CANCELLED,SOUTH
O00557,C0361,2024-08-23 09:27:14,CANCELLED,EAST
O00558,C0160,2024-11-10 13:43:52,RETURNED,NORTH
O00559,C0499,2026-02-21 17:28:46,RETURNED,SOUTH
O00560,C0048,2025-02-03 16:35:10,CANCELLED,NORTH
O00561,C0234,2026-01-01 15:48:47,CANCELLED,WEST
O00562,C0119,2025-02-16 21:51:30,RETURNED,EAST
O00563,C0468,2026-08-05 21:50:27,DELIVERED,EAST
O00564,C0233,2026-03-06 05:39:35,PLACED,EAST
O00565,C0246,2026-01-31 16:45:20,DELIVERED,SOUTH
O00566,C0261,2026-03-10 18:58:48,PLACED,EAST
O00567,C0285,2024-10-06 15:19:59,RETURNED,WEST
O00568,C0206,2025-01-16 00:09:19,SHIPPED,SOUTH
O00569,C0499,2024-12-13 02:15:17,SHIPPED,WEST
O00570,C0402,2025-06-09 20:17:04,DELIVERED,SOUTH
O00571,C0089,2024-10-24 11:03:04,RETURNED,WEST
O00572,C0059,2024-10-18 16:04:07,RETURNED,NORTH
O00573,C0421,2024-09-23 23:59:41,CANCELLED,NORTH
O00574,C0307,2026-08-03 01:55:04,CANCELLED,EAST
O00575,C0254,2026-06-18 22:48:19,SHIPPED,SOUTH
O00576,C0455,2025-08-07 23:38:27,PLACED,SOUTH
O00577,C0339,2025-10-05 10:21:51,CANCELLED,WEST
O00578,C0101,2024-09-16 06:11:50,DELIVERED,EAST
O00579,C0471,2024-08-25 22:17:45,DELIVERED,NORTH
O00580,,2026-03-27 06:03:51,CANCELLED,SOUTH
O00581,C0437,2025-06-09 19:40:05,RETURNED,NORTH
O00582,C0001,2025-09-16 10:33:55,DELIVERED,NORTH
O00583,C0441,2026-03-22 00:00:00,CANCELLED,WEST
O00584,C0321,2024-10-09 02:43:59,CANCELLED,WEST
O00585,C0280,2024-10-25 04:11:03,SHIPPED,SOUTH
O00586,C0285,2025-02-25 07:16:59,CANCELLED,SOUTH
O00587,C0148,2025-11-28 13:04:40,SHIPPED,NORTH
O00588,C0037,2024-12-04 01:20:32,CANCELLED,WEST
O00589,C0500,2024-10-09 22:29:39,CANCELLED,WEST
O00590,C0458,2025-12-27 01:47:02,CANCELLED,SOUTH
O00591,C0233,2026-07-30 00:54:24,CANCELLED,WEST
O00592,C0182,2026-06-24 05:12:00,PLACED,WEST
O00593,C0434,2025-06-04 06:04:42,DELIVERED,WEST
O00594,C0475,2025-04-02 17:54:19,PLACED,WEST
O00595,C0361,2025-01-30 14:19:23,PLACED,SOUTH
O00596,C0374,2025-02-13 14:37:25,DELIVERED,WEST
O00597,C0265,2026-03-01 08:33:09,PLACED,SOUTH
O00598,C0242,2025-03-14 04:13:46,PLACED,EAST
O00599,C0314,2025-07-15 15:55:38,PLACED,WEST
O00600,C0233,2025-12-05 01:15:53,DELIVERED,WEST
O00601,C0181,2024-11-11 15:18:12,DELIVERED,SOUTH
O00602,C0019,2024-11-15 10:00:03,DELIVERED,EAST
O00603,C0032,2025-09-18 14:00:25,RETURNED,NORTH
O00604,C0337,2026-05-18 17:55:21,RETURNED,NORTH
O00605,C0147,2024-12-15 23:10:54,PLACED,EAST
O00606,C0130,2024-08-27 15:25:33,DELIVERED,NORTH
O00607,C0380,2024-09-01 18:09:16,RETURNED,SOUTH
O00608,C0338,2026-01-02 20:16:14,DELIVERED,SOUTH
O00609,C0249,2025-05-09 14:49:16,PLACED,EAST
O00610,C0044,2026-06-04 17:15:19,SHIPPED,WEST
O00611,C0386,2026-07-17 08:43:56,SHIPPED,WEST
O00612,C0372,2025-04-15 01:00:36,DELIVERED,NORTH
O00613,C0329,2026-06-07 17:26:27,PLACED,SOUTH
O00614,C0238,2025-08-10 06:59:09,RETURNED,SOUTH
O00615,C0195,2025-08-03 07:56:09,DELIVERED,SOUTH
O00616,C0272,2026-06-12 00:00:00,CANCELLED,WEST
O00617,C0348,2025-09-29 08:02:14,PLACED,NORTH
O00618,C0470,2026-08-01 13:49:35,CANCELLED,EAST
O00619,C0172,2025-03-05 00:59:28,DELIVERED,WEST
O00620,C0237,2025-10-05 12:26:36,RETURNED,SOUTH
O00621,C0267,2025-07-16 23:19:44,SHIPPED,EAST
O00622,,2024-11-18 00:00:00,PLACED,NORTH
O00623,C0211,2026-01-29 07:27:04,CANCELLED,EAST
O00624,C0113,2025-09-28 07:52:02,PLACED,NORTH
O00625,C0318,2024-12-20 23:01:13,SHIPPED,NORTH
O00626,C0363,2025-11-07 08:42:18,RETURNED,SOUTH
O00627,C0193,2025-11-12 14:35:42,RETURNED,SOUTH
O00628,C0459,2025-07-26 01:24:16,DELIVERED,WEST
O00629,C0339,2025-12-08 14:23:48,DELIVERED,WEST
O00630,C0355,2026-03-10 03:32:32,DELIVERED,EAST
O00631,C0083,2025-12-12 07:56:33,PLACED,WEST
O00632,C0199,2026-06-17 20:45:30,DELIVERED,SOUTH
O00633,C0226,2025-10-17 12:15:04,SHIPPED,WEST
O00634,C0092,2025-07-09 07:23:03,RETURNED,WEST
O00635,C0112,2025-09-16 00:48:58,CANCELLED,EAST
O00636,,2025-12-15 09:18:11,DELIVERED,WEST
O00637,C0010,2025-12-15 04:29:20,PLACED,NORTH
O00638,C0341,2025-09-24 01:16:32,DELIVERED,WEST
O00639,,2025-04-02 23:19:25,CANCELLED,WEST
O00640,C0224,2026-07-12 10:22:26,PLACED,SOUTH
O00641,C0002,2025-05-02 02:30:16,CANCELLED,NORTH
O00642,C0291,2025-08-14 13:27:23,DELIVERED,EAST
O00643,C0206,2025-09-28 14:57:40,PLACED,EAST
O00644,C0274,2025-01-28 20:47:57,CANCELLED,EAST
O00645,C0332,2026-04-22 11:39:30,CANCELLED,SOUTH
O00646,C0154,2024-10-14 00:13:34,DELIVERED,WEST
O00647,C0044,2025-07-14 15:41:29,SHIPPED,SOUTH
O00648,C0019,2025-04-01 13:53:50,RETURNED,SOUTH
O00649,C0251,2025-05-16 13:30:49,DELIVERED,WEST
O00650,C0274,2025-06-21 14:51:15,PLACED,NORTH
O00651,C0174,2025-02-23 05:58:21,PLACED,WEST
O00652,C0061,2024-12-04 09:36:13,RETURNED,WEST
O00653,C0482,2025-03-29 05:49:39,SHIPPED,SOUTH
O00654,C0474,2024-08-13 15:35:35,CANCELLED,NORTH
O00655,C0242,2024-08-05 12:32:23,SHIPPED,SOUTH
O00656,C0008,2025-09-15 00:00:00,DELIVERED,NORTH
O00657,C0234,2026-04-30 18:35:57,PLACED,NORTH
O00658,C0059,2026-03-17 10:25:57,SHIPPED,NORTH
O00659,C0412,2026-05-26 01:41:11,CANCELLED,EAST
O00660,C0062,2024-11-19 07:38:34,SHIPPED,EAST
O00661,C0429,2025-04-29 13:17:52,PLACED,SOUTH
O00662,C0172,2025-03-16 04:27:14,CANCELLED,SOUTH
O00663,C0357,2025-08-04 21:18:07,SHIPPED,NORTH
O00664,C0069,2025-09-25 01:47:04,RETURNED,WEST
O00665,C0399,2024-08-11 21:51:37,PLACED,NORTH
O00666,C0004,2026-01-21 15:46:46,RETURNED,EAST
O00667,C0214,2026-07-22 15:47:30,CANCELLED,SOUTH
O00668,C0106,2025-08-22 13:05:20,CANCELLED,WEST
O00669,C0123,2026-03-15 05:51:00,PLACED,SOUTH
O00670,C0368,2025-08-10 23:59:35,DELIVERED,EAST
O00671,,2025-03-26 03:57:47,PLACED,NORTH
O00672,C0317,2024-08-12 13:03:44,RETURNED,SOUTH
O00673,C0238,2026-03-23 07:39:18,DELIVERED,NORTH
O00674,C0100,2025-07-05 18:42:50,CANCELLED,WEST
O00675,C0091,2026-04-17 05:57:35,PLACED,EAST
O00676,C0146,2025-03-20 23:17:29,RETURNED,WEST
O00677,C0023,2025-11-12 03:46:29,RETURNED,SOUTH
O00678,C0081,2025-02-01 00:59:08,PLACED,NORTH
O00679,C0459,2026-04-16 07:38:20,RETURNED,EAST
O00680,C0215,2024-08-11 01:22:16,DELIVERED,SOUTH
O00681,C0399,2025-10-05 06:14:03,SHIPPED,WEST
O00682,C0446,2025-05-22 16:02:42,PLACED,WEST
O00683,C0300,2024-12-29 22:02:10,SHIPPED,SOUTH
O00684,C0476,2025-06-21 06:07:52,DELIVERED,SOUTH
O00685,C0235,2026-06-21 15:30:40,DELIVERED,SOUTH
O00686,C0172,2025-10-14 20:18:32,PLACED,EAST
O00687,C0070,2025-07-10 23:04:17,CANCELLED,SOUTH
O00688,C0390,2025-06-08 01:31:49,RETURNED,SOUTH
O00689,C0405,2025-02-15 13:13:10,SHIPPED,SOUTH
O00690,C0045,2024-12-10 06:22:56,SHIPPED,WEST
O00691,C0429,2026-02-11 00:00:00,CANCELLED,SOUTH
O00692,C0127,2026-02-28 23:41:27,RETURNED,SOUTH
O00693,C0468,2025-12-20 00:00:00,PLACED,NORTH
O00694,C0241,2025-06-04 03:47:11,CANCELLED,WEST
O00695,C0246,2026-05-10 21:48:51,PLACED,WEST
O00696,C0254,2025-05-26 07:55:25,PLACED,WEST
O00697,C0487,2025-01-23 18:57:33,SHIPPED,NORTH
O00698,C0009,2025-02-25 17:07:33,CANCELLED,NORTH
O00699,C0500,2024-10-05 23:23:41,CANCELLED,SOUTH
O00700,C0405,2025-06-29 09:55:51,PLACED,NORTH
O00701,C0198,2025-12-04 03:41:03,PLACED,EAST
O00702,C0219,2025-02-07 12:34:27,RETURNED,SOUTH
O00703,C0404,2025-09-10 17:07:40,DELIVERED,NORTH
O00704,C0264,2026-03-22 06:50:42,PLACED,NORTH
O00705,C0197,2026-04-18 19:08:10,DELIVERED,EAST
O00706,C0090,2026-07-13 05:35:52,RETURNED,SOUTH
O00707,C0071,2025-11-24 17:59:49,PLACED,WEST
O00708,C0378,2026-04-24 17:06:22,SHIPPED,SOUTH
O00709,C0165,2026-01-26 10:30:34,CANCELLED,EAST
O00710,C0028,2026-01-19 05:26:18,CANCELLED,NORTH
O00711,C0241,2025-03-04 14:45:05,RETURNED,EAST
O00712,C0232,2025-03-14 13:34:46,PLACED,SOUTH
O00713,C0457,2025-12-22 02:56:01,CANCELLED,SOUTH
O00714,C0148,2026-03-05 11:58:45,SHIPPED,EAST
O00715,C0058,2025-09-22 14:58:41,SHIPPED,NORTH
O00716,C0151,2026-04-25 16:06:15,SHIPPED,WEST
O00717,C0178,2025-03-02 06:01:26,PLACED,EAST
O00718,C0097,2025-06-22 03:54:16,SHIPPED,EAST
O00719,C0211,2024-12-29 11:24:14,DELIVERED,WEST
O00720,C0304,2026-05-30 08:52:35,RETURNED,WEST
O00721,C0235,2024-09-27 15:04:44,DELIVERED,SOUTH
O00722,C0405,2024-12-25 03:08:04,DELIVERED,NORTH
O00723,C0076,2024-11-19 13:40:29,SHIPPED,SOUTH
O00724,C0365,2025-03-18 09:15:57,SHIPPED,SOUTH
O00725,C0083,2024-10-30 00:00:00,DELIVERED,SOUTH
O00726,C0226,2025-12-13 03:21:32,RETURNED,NORTH
O00727,C0341,2025-07-25 03:01:38,DELIVERED,WEST
O00728,C0277,2025-11-28 06:07:45,PLACED,NORTH
O00729,C0208,2025-07-23 03:00:40,CANCELLED,EAST
O00730,,2025-03-04 19:45:58,RETURNED,EAST
O00731,C0332,2026-01-31 12:34:26,DELIVERED,SOUTH
O00732,C0410,2025-12-02 03:47:24,CANCELLED,EAST
O00733,C0353,2025-08-22 14:17:19,PLACED,SOUTH
O00734,C0348,2024-12-29 07:28:02,CANCELLED,SOUTH
O00735,C0229,2025-04-11 12:03:02,RETURNED,SOUTH
O00736,C0299,2024-08-20 12:22:29,DELIVERED,SOUTH
O00737,C0012,2024-12-01 15:05:13,PLACED,WEST
O00738,C0100,2024-09-13 00:01:37,RETURNED,NORTH
O00739,C0466,2025-09-24 23:23:45,CANCELLED,EAST
O00740,C0198,2024-08-22 15:22:04,DELIVERED,EAST
O00741,C0229,2024-12-27 20:56:46,CANCELLED,WEST
O00742,C0412,2024-10-23 21:20:03,CANCELLED,WEST
O00743,C0072,2025-03-12 13:48:52,SHIPPED,SOUTH
O00744,C0156,2025-03-02 12:58:45,DELIVERED,NORTH
O00745,C0478,2024-11-10 13:43:04,PLACED,NORTH
O00746,C0210,2026-02-11 23:02:13,SHIPPED,WEST
O00747,C0364,2025-07-11 23:29:48,SHIPPED,SOUTH
O00748,C0427,2026-02-21 05:04:35,PLACED,EAST
O00749,C0428,2024-08-11 19:45:13,CANCELLED,SOUTH
O00750,C0014,2025-02-02 06:43:14,DELIVERED,WEST
O00751,C0064,2024-10-14 12:12:43,CANCELLED,SOUTH
O00752,C0252,2024-11-30 11:45:57,PLACED,NORTH
O00753,C0392,2024-08-16 21:18:33,PLACED,EAST
O00754,C0298,2025-08-23 19:48:29,DELIVERED,WEST
O00755,C0499,2025-01-21 03:29:51,RETURNED,NORTH
O00756,C0433,2025-04-28 00:32:09,SHIPPED,EAST
O00757,C0237,2025-06-27 20:42:58,SHIPPED,NORTH
O00758,C0140,2025-04-04 11:01:43,DELIVERED,NORTH
O00759,C0149,2026-04-07 17:48:00,PLACED,SOUTH
O00760,C0393,2026-04-18 09:52:36,RETURNED,SOUTH
O00761,C0279,2025-08-27 13:35:18,DELIVERED,EAST
O00762,C0351,2025-05-20 22:09:42,RETURNED,EAST
O00763,C0422,2025-07-31 14:31:23,DELIVERED,EAST
O00764,C0399,2026-01-28 18:37:28,SHIPPED,NORTH
O00765,C0112,2026-04-12 04:02:39,SHIPPED,NORTH
O00766,C0214,2024-08-30 02:26:28,SHIPPED,NORTH
O00767,C0246,2025-04-18 23:05:57,SHIPPED,WEST
O00768,C0456,2024-10-06 18:17:06,DELIVERED,SOUTH
O00769,C0364,2026-05-22 15:39:39,PLACED,SOUTH
O00770,C0066,2026-03-11 10:26:57,SHIPPED,EAST
O00771,C0065,2024-11-26 22:05:34,CANCELLED,NORTH
O00772,,2024-09-17 23:26:55,CANCELLED,NORTH
O00773,C0101,2025-02-28 10:48:18,RETURNED,NORTH
O00774,C0241,2026-03-30 22:02:11,PLACED,EAST
O00775,,2025-06-06 06:05:25,PLACED,SOUTH
O00776,C0301,2024-09-29 21:31:31,DELIVERED,NORTH
O00777,C0047,2025-10-01 08:39:00,DELIVERED,EAST
O00778,C0181,2025-08-05 14:59:22,RETURNED,SOUTH
O00779,C0259,2024-12-24 12:09:26,RETURNED,NORTH
O00780,C0271,2025-01-01 17:32:32,DELIVERED,SOUTH
O00781,C0462,2026-07-02 00:00:00,PLACED,SOUTH
O00782,C0472,2026-05-21 02:14:51,DELIVERED,SOUTH
O00783,C0226,2025-02-15 16:38:14,DELIVERED,WEST
O00784,C0218,2026-05-02 05:28:33,PLACED,EAST
O00785,C0064,2025-05-28 19:56:12,CANCELLED,EAST
O00786,C0361,2026-05-10 18:33:20,PLACED,EAST
O00787,C0253,2024-08-15 05:59:17,RETURNED,EAST
O00788,C0352,2024-11-08 04:20:47,RETURNED,WEST
O00789,C0149,2026-03-25 02:05:29,PLACED,WEST
O00790,C0481,2026-02-11 13:27:58,CANCELLED,NORTH
O00791,C0203,2025-02-14 19:48:47,PLACED,NORTH
O00792,C0074,2025-05-31 07:58:15,PLACED,SOUTH
O00793,C0034,2026-03-27 11:30:01,SHIPPED,WEST
O00794,C0063,2025-07-15 12:12:31,CANCELLED,EAST
O00795,C0392,2025-02-13 10:15:19,DELIVERED,WEST
O00796,C0183,2026-03-01 09:01:59,CANCELLED,WEST
O00797,C0262,2024-08-31 11:29:43,PLACED,NORTH
O00798,C0129,2025-01-07 03:48:01,SHIPPED,NORTH
O00799,C0051,2025-07-29 09:23:54,CANCELLED,NORTH
O00800,C0498,2026-02-27 14:13:42,DELIVERED,SOUTH
O00801,C0156,2026-03-27 07:13:29,PLACED,WEST
O00802,C0406,2024-10-17 10:21:55,CANCELLED,WEST
O00803,C0259,2025-09-14 05:33:20,RETURNED,NORTH
O00804,C0488,2026-01-04 18:06:18,PLACED,WEST
O00805,C0231,2025-01-14 08:33:16,CANCELLED,NORTH
O00806,C0017,2025-08-07 16:55:31,DELIVERED,SOUTH
O00807,C0252,2025-06-03 16:35:45,CANCELLED,WEST
O00808,C0392,2026-01-16 17:49:25,RETURNED,WEST
O00809,C0244,2025-04-04 20:57:30,PLACED,WEST
O00810,C0135,2026-08-02 15:08:07,RETURNED,EAST
O00811,C0393,2025-04-13 09:09:09,PLACED,NORTH
O00812,C0066,2024-12-06 15:32:59,RETURNED,NORTH
O00813,C0392,2025-12-07 03:17:24,PLACED,WEST
O00814,C0177,2026-02-22 02:08:29,PLACED,SOUTH
O00815,C0127,2024-09-07 05:13:14,PLACED,NORTH
O00816,C0445,2026-03-06 21:29:26,PLACED,EAST
O00817,C0020,2026-08-03 13:36:39,RETURNED,WEST
O00818,,2025-10-06 07:43:51,PLACED,EAST
O00819,C0194,2025-09-14 01:35:15,PLACED,WEST
O00820,C0052,2024-11-08 07:42:04,CANCELLED,EAST
O00821,C0086,2025-02-18 04:54:36,CANCELLED,SOUTH
O00822,C0255,2025-08-14 05:35:17,PLACED,SOUTH
O00823,C0148,2025-12-14 09:41:38,RETURNED,WEST
O00824,C0412,2025-03-25 13:05:52,PLACED,NORTH
O00825,C0304,2025-01-06 19:17:43,RETURNED,WEST
O00826,C0219,2025-05-12 09:39:29,DELIVERED,EAST
O00827,C0222,2026-06-25 19:22:56,CANCELLED,WEST
O00828,C0129,2024-09-14 21:47:59,RETURNED,SOUTH
O00829,,2026-06-07 06:33:50,SHIPPED,WEST
O00830,C0110,2026-01-05 06:54:35,CANCELLED,EAST
O00831,C0480,2025-01-21 14:41:07,CANCELLED,NORTH
O00832,C0268,2024-11-01 03:57:26,SHIPPED,SOUTH
O00833,C0383,2025-02-04 17:32:25,CANCELLED,WEST
O00834,C0164,2025-12-10 01:05:47,SHIPPED,WEST
O00835,C0137,2025-07-08 16:10:41,DELIVERED,SOUTH
O00836,C0208,2025-04-14 12:11:17,PLACED,SOUTH
O00837,C0409,2024-08-17 03:42:02,RETURNED,WEST
O00838,C0217,2024-12-13 00:00:00,SHIPPED,EAST
O00839,,2026-04-14 11:19:43,DELIVERED,SOUTH
O00840,C0330,2025-03-07 21:41:46,CANCELLED,NORTH
O00841,C0029,2025-11-02 14:21:28,RETURNED,EAST
O00842,C0444,2024-11-06 09:14:54,DELIVERED,NORTH
O00843,C0204,2025-06-08 21:13:11,SHIPPED,SOUTH
O00844,C0058,2026-04-10 09:31:28,PLACED,EAST
O00845,C0255,2025-02-10 06:19:55,PLACED,EAST
O00846,C0169,2024-08-12 09:16:58,SHIPPED,WEST
O00847,C0112,2024-09-07 01:37:53,DELIVERED,WEST
O00848,C0210,2025-10-30 18:52:44,CANCELLED,EAST
O00849,C0359,2026-04-05 23:51:19,CANCELLED,WEST
O00850,C0350,2026-01-23 23:21:28,SHIPPED,EAST
O00851,C0244,2025-08-09 14:30:21,PLACED,NORTH
O00852,C0431,2026-01-22 03:38:46,PLACED,SOUTH
O00853,C0130,2025-11-11 13:01:15,DELIVERED,NORTH
O00854,C0274,2024-12-03 20:04:39,CANCELLED,NORTH
O00855,C0466,2025-05-20 22:11:28,DELIVERED,EAST
O00856,C0047,2026-03-27 03:30:57,DELIVERED,SOUTH
O00857,C0441,2024-10-13 22:50:40,DELIVERED,WEST
O00858,,2025-02-14 15:20:14,CANCELLED,WEST
O00859,C0378,2024-12-05 22:31:50,CANCELLED,NORTH
O00860,C0423,2025-08-28 17:59:16,PLACED,EAST
O00861,C0216,2024-10-15 10:40:00,DELIVERED,WEST
O00862,,2026-01-20 05:45:11,SHIPPED,WEST
O00863,C0406,2025-11-28 00:00:00,SHIPPED,EAST
O00864,C0161,2025-04-25 07:27:48,SHIPPED,SOUTH
O00865,C0434,2026-07-29 11:05:50,DELIVERED,WEST
O00866,C0245,2026-03-18 10:02:45,SHIPPED,EAST
O00867,C0410,2025-12-04 00:07:46,DELIVERED,SOUTH
O00868,C0202,2024-09-21 02:16:30,RETURNED,SOUTH
O00869,C0011,2024-09-20 21:06:27,RETURNED,SOUTH
O00870,C0465,2025-05-08 14:08:53,DELIVERED,SOUTH
O00871,C0026,2025-12-19 02:33:55,DELIVERED,SOUTH
O00872,C0046,2024-12-03 00:03:57,RETURNED,NORTH
O00873,C0008,2026-02-01 04:31:20,CANCELLED,WEST
O00874,C0061,2025-09-26 01:10:08,DELIVERED,EAST
O00875,C0383,2026-04-12 04:49:06,SHIPPED,SOUTH
O00876,C0422,2024-10-27 20:44:38,CANCELLED,SOUTH
O00877,C0210,2024-11-11 00:00:00,DELIVERED,SOUTH
O00878,C0317,2025-08-19 08:52:07,RETURNED,WEST
O00879,,2025-02-02 04:11:16,DELIVERED,WEST
O00880,C0352,2025-04-08 11:16:17,CANCELLED,EAST
O00881,C0038,2025-10-13 03:13:29,DELIVERED,SOUTH
O00882,C0242,2026-04-09 22:40:34,RETURNED,NORTH
O00883,C0003,2025-12-19 03:53:25,DELIVERED,WEST
O00884,C0344,2026-03-16 04:40:57,RETURNED,NORTH
O00885,C0298,2025-05-02 05:17:24,CANCELLED,EAST
O00886,C0450,2026-04-23 02:53:58,RETURNED,WEST
O00887,C0073,2026-06-29 03:05:59,SHIPPED,WEST
O00888,C0447,2025-07-12 05:07:52,DELIVERED,WEST
O00889,C0145,2026-02-25 22:26:55,DELIVERED,EAST
O00890,C0224,2025-01-02 07:57:08,CANCELLED,SOUTH
O00891,C0285,2024-08-22 00:51:50,CANCELLED,NORTH
O00892,C0097,2026-01-22 19:22:09,PLACED,WEST
O00893,C0134,2025-05-25 20:56:30,PLACED,WEST
O00894,C0021,2025-05-10 15:32:39,RETURNED,WEST
O00895,C0235,2026-02-19 02:35:50,SHIPPED,NORTH
O00896,C0179,2024-11-18 02:24:29,SHIPPED,SOUTH
O00897,C0384,2025-02-16 04:08:05,RETURNED,SOUTH
O00898,C0299,2026-07-04 00:00:00,RETURNED,SOUTH
O00899,C0214,2024-09-05 02:56:17,CANCELLED,NORTH
O00900,C0455,2025-08-17 09:30:20,PLACED,WEST
O00901,C0192,2026-02-05 07:16:52,DELIVERED,SOUTH
O00902,C0015,2025-07-11 06:24:34,CANCELLED,WEST
O00903,C0322,2025-10-13 15:47:44,PLACED,EAST
O00904,,2025-03-22 08:41:47,CANCELLED,EAST
O00905,C0486,2025-10-01 00:06:53,RETURNED,SOUTH
O00906,C0109,2026-01-28 20:32:39,DELIVERED,EAST
O00907,C0409,2025-08-21 02:47:43,RETURNED,WEST
O00908,C0048,2024-12-30 20:29:46,CANCELLED,NORTH
O00909,C0011,2025-10-19 14:54:15,CANCELLED,EAST
O00910,C0332,2024-12-28 09:47:33,PLACED,EAST
O00911,C0252,2025-10-01 16:38:23,DELIVERED,SOUTH
O00912,C0184,2025-05-02 11:45:27,RETURNED,SOUTH
O00913,C0251,2025-04-13 20:40:01,DELIVERED,WEST
O00914,C0047,2026-02-25 07:47:19,RETURNED,SOUTH
O00915,C0223,2025-08-04 06:19:43,RETURNED,EAST
O00916,C0499,2025-03-07 07:14:17,SHIPPED,WEST
O00917,C0270,2026-06-10 09:12:26,DELIVERED,WEST
O00918,C0224,2026-05-13 04:17:52,DELIVERED,SOUTH
O00919,C0066,2025-11-13 11:01:16,SHIPPED,WEST
O00920,C0152,2026-07-16 17:50:57,PLACED,NORTH
O00921,C0262,2026-06-04 20:50:07,RETURNED,EAST
O00922,C0182,2025-10-10 03:49:34,RETURNED,NORTH
O00923,C0059,2024-12-07 23:50:10,SHIPPED,WEST
O00924,C0024,2024-09-27 22:46:15,DELIVERED,EAST
O00925,C0301,2025-09-21 23:56:15,CANCELLED,EAST
O00926,C0175,2024-12-03 20:42:09,SHIPPED,SOUTH
O00927,C0095,2025-07-20 11:56:49,DELIVERED,NORTH
O00928,C0223,2025-03-23 00:00:00,PLACED,NORTH
O00929,C0088,2026-05-03 21:53:14,CANCELLED,WEST
O00930,C0156,2025-02-26 00:00:16,DELIVERED,WEST
O00931,C0412,2025-09-30 03:05:06,PLACED,SOUTH
O00932,C0058,2025-05-17 14:17:42,SHIPPED,NORTH
O00933,C0108,2025-07-24 03:27:50,SHIPPED,WEST
O00934,C0432,2024-08-06 00:14:12,SHIPPED,NORTH
O00935,C0155,2026-03-31 02:58:35,CANCELLED,NORTH
O00936,C0060,2025-12-14 00:29:10,CANCELLED,WEST
O00937,,2025-09-02 10:33:14,SHIPPED,SOUTH
O00938,C0151,2025-05-26 20:42:09,PLACED,EAST
O00939,C0005,2026-02-26 07:11:23,CANCELLED,WEST
O00940,C0435,2024-12-27 13:25:41,RETURNED,EAST
O00941,C0019,2026-06-22 05:52:14,RETURNED,WEST
O00942,C0119,2024-08-19 23:46:54,CANCELLED,EAST
O00943,C0284,2025-11-29 19:30:31,CANCELLED,WEST
O00944,C0060,2026-06-01 23:16:26,DELIVERED,WEST
O00945,C0358,2025-05-15 05:40:18,SHIPPED,WEST
O00946,C0177,2026-03-31 04:48:56,RETURNED,EAST
O00947,C0472,2025-11-30 04:08:03,CANCELLED,SOUTH
O00948,C0453,2025-02-06 22:07:20,CANCELLED,EAST
O00949,C0408,2025-04-11 12:59:22,SHIPPED,SOUTH
O00950,C0145,2026-02-16 11:17:56,CANCELLED,SOUTH
O00951,C0089,2024-09-23 15:35:39,PLACED,WEST
O00952,C0483,2025-12-29 18:13:20,SHIPPED,NORTH
O00953,C0010,2025-09-28 01:41:45,SHIPPED,SOUTH
O00954,C0424,2026-05-03 15:00:43,PLACED,EAST
O00955,C0221,2025-06-02 10:10:16,RETURNED,SOUTH
O00956,C0250,2024-12-30 22:14:29,DELIVERED,NORTH
O00957,C0395,2025-09-16 12:11:12,SHIPPED,NORTH
O00958,C0362,2026-01-18 03:02:24,CANCELLED,NORTH
O00959,C0500,2025-08-26 21:48:24,PLACED,NORTH
O00960,C0260,2026-03-23 05:08:11,SHIPPED,EAST
O00961,C0081,2025-10-07 18:55:24,RETURNED,WEST
O00962,C0376,2024-12-03 04:02:16,DELIVERED,EAST
O00963,C0420,2025-11-24 14:41:53,CANCELLED,WEST
O00964,C0394,2025-03-13 08:43:37,CANCELLED,EAST
O00965,C0147,2025-04-13 00:31:08,DELIVERED,WEST
O00966,C0185,2025-06-19 18:07:42,RETURNED,WEST
O00967,C0404,2025-12-16 06:08:00,CANCELLED,WEST
O00968,C0460,2025-04-12 13:46:54,DELIVERED,NORTH
O00969,C0227,2024-10-30 00:00:00,RETURNED,NORTH
O00970,C0044,2024-10-19 05:09:56,SHIPPED,WEST
O00971,C0032,2025-09-15 00:00:00,SHIPPED,NORTH
O00972,C0324,2025-12-30 05:26:14,RETURNED,EAST
O00973,C0215,2024-09-26 05:49:14,RETURNED,EAST
O00974,C0370,2024-09-08 10:53:08,PLACED,EAST
O00975,C0461,2026-05-16 03:57:03,CANCELLED,WEST
O00976,C0330,2026-08-03 20:40:07,RETURNED,WEST
O00977,C0358,2024-11-14 05:59:09,CANCELLED,SOUTH
O00978,C0452,2024-12-22 00:00:00,DELIVERED,WEST
O00979,C0372,2026-06-14 21:54:14,RETURNED,EAST
O00980,C0110,2024-08-29 17:48:12,RETURNED,EAST
O00981,C0388,2025-01-09 00:00:00,RETURNED,EAST
O00982,C0124,2024-10-27 14:28:16,CANCELLED,NORTH
O00983,C0375,2025-08-17 10:46:34,RETURNED,EAST
O00984,,2025-01-01 06:48:41,PLACED,WEST
O00985,C0153,2024-10-21 00:00:00,DELIVERED,SOUTH
O00986,C0413,2024-08-30 03:55:58,RETURNED,SOUTH
O00987,C0180,2025-10-22 23:15:24,RETURNED,SOUTH
O00988,C0366,2025-12-16 21:56:11,PLACED,EAST
O00989,C0265,2026-05-17 00:34:17,DELIVERED,WEST
O00990,C0051,2025-06-03 06:49:31,CANCELLED,NORTH
O00991,C0048,2025-12-29 11:21:34,CANCELLED,SOUTH
O00992,C0229,2025-08-20 23:23:45,CANCELLED,WEST
O00993,C0447,2025-09-17 20:50:20,CANCELLED,WEST
O00994,C0353,2025-12-03 02:28:16,CANCELLED,SOUTH
O00995,C0074,2026-02-01 04:15:33,CANCELLED,SOUTH
O00996,C0496,2025-11-06 22:49:29,PLACED,SOUTH
O00997,C0234,2025-02-20 05:51:30,RETURNED,EAST
O00998,C0472,2024-09-12 13:50:26,CANCELLED,NORTH
O00999,C0062,2025-05-17 00:09:08,RETURNED,SOUTH
O01000,C0061,2025-01-23 21:23:21,DELIVERED,EAST
